0.021,# BOOT,boot,seq,reset_cause,fw
0.021,# EVT,boot,seq,t_ms,code,data0,data1
0.069,# CYC,boot,seq,cycle,start_ms,end_ms,bottom_cm,soak_min_cm,soak_max_cm,soak_ms,drop_ms,drop_n,drop_peak_mg,drop_rms_mg,ret_ms,ret_n,ret_peak_mg,ret_rms_mg
0.094,# SMP,boot,seq,t_ms,state,phase,ax_mg,ay_mg,az_mg,motion_mg,temp_raw,p_raw,depth_cm,mv,soc_x100,flags
0.117,# R,boot,t_ms,ax_mg,ay_mg,az_mg (standalone recording)
0.117,SMP,10,171,25096,1,0,188,140,1308,20,486,8188,0,3876,5979,153
0.117,R,10,25096,152,204,1280
0.149,R,10,25137,172,156,1328
0.149,R,10,25210,192,160,1304
0.149,R,10,25217,192,160,1304
0.149,R,10,25257,208,164,1304
0.149,R,10,25296,176,156,1348
0.182,R,10,25337,188,148,1288
0.182,R,10,25376,172,168,1312
0.182,R,10,25417,192,112,1340
0.194,R,10,25456,92,124,1292
0.194,R,10,25497,120,128,1292
0.217,R,10,25536,140,136,1328
0.217,R,10,25577,196,156,1296
0.217,R,10,25616,224,148,1292
0.217,R,10,25657,152,164,1308
0.255,SMP,10,173,26097,1,0,172,140,1328,4,496,8188,0,3876,5979,153
0.255,R,10,25696,140,192,1292
0.256,R,10,25737,140,168,1260
0.256,R,10,25776,176,160,1312
0.265,R,10,25817,160,116,1276
0.265,R,10,25858,184,156,1300
0.281,R,10,25899,156,124,1288
0.281,R,10,25939,148,144,1344
0.281,R,10,25980,164,148,1312
0.313,R,10,26021,188,100,1252
0.313,R,10,26056,152,108,1268
0.313,R,10,26097,172,140,1328
0.313,R,10,26136,156,100,1324
0.313,R,10,26198,144,172,1316
0.345,R,10,26216,200,140,1276
0.345,R,10,26257,172,132,1312
0.345,R,10,26296,232,124,1348
0.345,R,10,26337,192,156,1236
0.377,R,10,26376,116,96,1216
0.377,R,10,26417,124,96,1264
0.377,R,10,26456,184,140,1312
0.377,R,10,26497,156,120,1348
0.377,R,10,26537,144,216,1276
0.409,R,10,26576,60,180,1328
0.409,R,10,26617,168,140,1292
0.409,R,10,26656,156,180,1300
0.409,R,10,26697,204,156,1312
0.409,R,10,26736,172,164,1276
0.441,R,10,26777,164,156,1240
0.441,R,10,26816,208,144,1316
0.441,R,10,26857,204,168,1316
0.457,SMP,10,176,27097,1,0,200,176,1304,19,504,8188,0,3876,5979,153
0.457,R,10,26896,172,188,1312
0.457,R,10,26937,140,188,1284
0.472,R,10,26976,220,152,1308
0.472,R,10,27017,176,160,1292
0.504,R,10,27056,192,132,1304
0.504,R,10,27097,200,176,1304
0.504,R,10,27136,156,192,1392
0.504,R,10,27199,180,120,1336
0.504,R,10,27217,172,140,1276
0.521,R,10,27256,148,116,1316
0.521,R,10,27297,156,204,1292
0.521,R,10,27336,64,96,1336
0.521,R,10,27377,116,96,1336
0.521,R,10,27416,196,156,1324
0.553,R,10,27457,148,128,1324
0.553,R,10,27496,184,152,1360
0.553,R,10,27537,156,144,1304
0.553,R,10,27576,188,172,1276
0.569,R,10,27617,140,184,1308
0.596,R,10,27656,144,164,1300
0.596,R,10,27697,176,160,1296
0.596,R,10,27736,132,156,1308
0.596,R,10,27777,112,144,1296
0.628,R,10,27817,208,184,1284
0.629,R,10,27856,140,172,1304
0.629,R,10,27897,172,164,1264
0.629,R,10,27936,128,172,1316
0.629,R,10,27977,176,184,1248
0.659,R,10,28016,180,120,1288
0.659,R,10,28057,164,152,1352
0.659,SMP,10,179,28098,1,0,188,156,1324,3,506,8188,0,3876,5979,153
0.684,R,10,28096,188,156,1324
0.684,R,10,28137,196,160,1304
0.684,R,10,28198,164,152,1332
0.684,R,10,28217,172,144,1292
0.692,R,10,28256,184,192,1316
0.700,R,10,28297,208,156,1276
0.700,R,10,28336,176,176,1360
0.700,R,10,28377,160,184,1220
0.718,R,10,28416,148,148,1280
0.718,R,10,28456,156,144,1384
0.754,R,10,28497,176,92,1456
0.754,R,10,28536,168,156,1300
0.755,R,10,28577,212,112,1328
0.755,R,10,28616,176,164,1308
0.755,R,10,28657,176,156,1308
0.784,SMP,10,181,29100,1,0,136,192,1308,18,505,8188,0,3876,5979,153
0.784,R,10,28696,152,156,1260
0.784,R,10,28737,216,176,1304
0.815,R,10,28776,172,180,1328
0.815,R,10,28817,172,156,1312
0.815,R,10,28856,192,160,1308
0.815,R,10,28897,176,196,1296
0.815,R,10,28936,184,128,1296
0.847,R,10,28977,164,164,1308
0.847,R,10,29016,192,160,1272
0.847,R,10,29057,112,196,1308
0.849,R,10,29097,164,196,1284
0.849,R,10,29136,240,184,1280
0.863,R,10,29202,124,164,1308
0.863,R,10,29216,188,160,1296
0.879,R,10,29257,184,188,1252
0.879,R,10,29296,192,204,1276
0.901,R,10,29337,152,172,1304
0.901,R,10,29376,184,140,1324
0.910,R,10,29417,252,96,1336
0.910,R,10,29456,164,144,1312
0.910,R,10,29497,204,156,1344
0.927,R,10,29536,192,172,1316
0.927,R,10,29577,156,156,1252
0.927,R,10,29616,180,152,1228
0.943,R,10,29657,156,184,1344
0.943,R,10,29696,196,140,1312
0.959,R,10,29736,176,208,1276
0.959,R,10,29777,200,140,1280
0.959,R,10,29816,204,160,1328
0.959,R,10,29857,184,172,1380
0.999,SMP,10,184,30101,1,0,212,160,1264,58,499,8188,0,3876,5979,153
0.999,R,10,29896,176,124,1392
0.999,R,10,29937,192,156,1308
0.999,R,10,29976,168,164,1348
1.023,R,10,30017,168,176,1280
1.023,R,10,30056,124,100,1340
1.023,R,10,30097,212,160,1264
1.023,R,10,30136,160,156,1312
1.023,R,10,30203,180,124,1312
1.038,R,10,30216,152,92,1308
1.038,R,10,30257,152,220,1216
1.060,R,10,30296,184,164,1336
1.060,R,10,30337,160,176,1308
1.060,R,10,30377,200,192,1200
1.097,R,10,30416,124,208,1328
1.097,R,10,30457,164,164,1184
1.097,R,10,30496,192,120,1296
1.097,R,10,30537,172,176,1324
1.097,R,10,30576,156,128,1308
1.123,R,10,30617,188,156,1244
1.123,R,10,30656,196,144,1332
1.123,R,10,30697,144,172,1292
1.123,R,10,30736,228,152,1348
1.151,R,10,30777,180,100,1316
1.151,R,10,30816,180,216,1332
1.151,R,10,30857,196,136,1284
1.151,R,10,30896,104,140,1340
1.151,R,10,30937,192,140,1300
1.183,R,10,30976,188,152,1276
1.183,R,10,31016,176,184,1332
1.183,R,10,31057,140,144,1324
1.217,SMP,10,187,31102,1,0,156,108,1308,26,503,8188,0,3876,5979,153
1.217,R,10,31096,156,108,1308
1.217,R,10,31137,176,124,1356
1.217,R,10,31205,164,140,1320
1.217,R,10,31217,192,176,1276
1.250,R,10,31256,148,192,1264
1.250,R,10,31297,176,184,1304
1.250,R,10,31336,176,172,1244
1.250,R,10,31377,156,124,1328
1.250,R,10,31416,120,140,1328
1.282,R,10,31457,192,144,1328
1.282,R,10,31496,156,144,1288
1.282,R,10,31537,196,176,1304
1.283,R,10,31576,156,196,1336
1.283,R,10,31617,180,140,1328
1.297,R,10,31657,140,128,1224
1.300,SMP,10,189,32102,1,0,200,132,1312,14,503,8188,0,3876,5979,153
1.300,R,10,31696,172,204,1284
1.334,R,10,31737,120,192,1312
1.334,R,10,31776,192,184,1264
1.334,R,10,31817,192,140,1332
1.334,R,10,31856,152,144,1312
1.334,R,10,31897,184,144,1308
1.375,R,10,31936,192,160,1276
1.378,R,10,31977,104,168,1340
1.378,R,10,32016,144,112,1308
1.378,R,10,32057,224,156,1344
1.400,R,10,32096,156,156,1268
1.400,R,10,32137,224,100,1348
1.400,R,10,32204,168,140,1324
1.400,R,10,32217,148,192,1316
1.410,R,10,32256,184,136,1276
1.434,R,10,32296,200,160,1304
1.434,R,10,32337,192,140,1308
1.434,R,10,32376,176,160,1280
1.434,R,10,32417,160,144,1308
1.434,R,10,32456,176,152,1312
1.468,R,10,32497,204,180,1300
1.468,R,10,32536,172,124,1264
1.468,R,10,32577,100,224,1280
1.468,R,10,32616,108,140,1316
1.468,R,10,32657,168,144,1316
1.483,R,10,32696,112,152,1316
1.483,R,10,32737,172,140,1316
1.501,R,10,32776,212,176,1324
1.501,R,10,32817,184,160,1332
1.501,R,10,32856,156,176,1276
1.533,SMP,10,192,33103,1,0,180,104,1364,31,499,8188,0,3876,5979,153
1.533,R,10,32897,160,168,1324
1.533,R,10,32937,176,160,1308
1.551,R,10,32976,156,144,1276
1.551,R,10,33017,156,184,1264
1.565,R,10,33056,168,132,1288
1.565,R,10,33097,180,104,1364
1.566,R,10,33136,176,96,1248
1.584,R,10,33206,176,132,1296
1.584,R,10,33216,204,172,1400
1.584,R,10,33257,156,136,1396
1.597,R,10,33296,104,180,1280
1.619,R,10,33337,208,140,1348
1.619,R,10,33376,156,124,1328
1.619,R,10,33417,156,140,1336
1.619,R,10,33456,156,124,1276
1.627,R,10,33497,172,180,1312
1.634,R,10,33536,120,184,1296
1.634,R,10,33576,172,76,1296
1.634,R,10,33617,196,184,1240
1.651,R,10,33656,180,200,1280
1.651,R,10,33697,180,144,1288
1.684,R,10,33736,160,196,1328
1.684,R,10,33777,180,124,1280
1.684,R,10,33816,200,164,1152
1.684,R,10,33857,156,192,1284
1.684,R,10,33896,192,132,1196
1.716,R,10,33937,240,140,1268
1.716,R,10,33976,156,172,1316
1.716,R,10,34017,200,228,1240
1.716,R,10,34056,176,208,1308
1.750,SMP,10,195,34103,1,0,176,192,1344,23,510,8188,0,3876,5979,153
1.750,R,10,34097,176,192,1344
1.750,R,10,34136,120,140,1304
1.750,R,10,34203,188,156,1304
1.767,R,10,34217,160,140,1304
1.767,R,10,34256,192,184,1264
1.767,R,10,34297,156,156,1288
1.783,R,10,34336,188,172,1228
1.784,R,10,34377,180,176,1308
1.803,R,10,34416,172,140,1304
1.803,R,10,34457,180,164,1260
1.814,R,10,34496,184,156,1292
1.814,R,10,34537,196,140,1324
1.814,R,10,34576,196,168,1272
1.817,R,10,34617,140,160,1316
1.817,R,10,34656,164,168,1284
1.838,SMP,10,197,35104,1,0,172,160,1276,49,503,8188,0,3876,5979,153
1.868,R,10,34697,204,116,1344
1.868,R,10,34736,180,88,1408
1.868,R,10,34777,196,172,1284
1.877,R,10,34816,180,144,1272
1.877,R,10,34856,112,152,1324
1.903,R,10,34897,112,128,1340
1.903,R,10,34936,180,152,1288
1.903,R,10,34977,200,156,1216
1.903,R,10,35016,180,124,1312
1.935,R,10,35057,204,200,1356
1.935,R,10,35096,224,160,1304
1.935,R,10,35137,252,60,1296
1.935,R,10,35207,172,156,1288
1.935,R,10,35217,172,156,1288
1.968,R,10,35256,200,168,1324
1.968,R,10,35297,172,132,1316
1.969,R,10,35336,172,204,1316
1.969,R,10,35377,140,172,1312
1.970,R,10,35416,196,164,1356
2.000,R,10,35457,172,204,1296
2.000,R,10,35497,140,240,1324
2.000,R,10,35536,156,160,1260
2.000,R,10,35577,192,104,1320
2.000,R,10,35616,160,156,1344
2.015,R,10,35657,152,140,1300
2.031,R,10,35696,176,156,1340
2.031,R,10,35737,180,160,1316
2.031,R,10,35776,184,168,1308
2.031,R,10,35817,140,96,1424
2.047,R,10,35856,188,144,1296
2.063,SMP,10,200,36104,1,0,180,144,1320,8,504,8188,0,3876,5979,153
2.064,R,10,35897,192,192,1324
2.065,R,10,35936,132,212,1300
2.065,R,10,35977,184,120,1336
2.079,R,10,36016,172,140,1332
2.079,R,10,36057,160,132,1376
2.079,R,10,36098,180,144,1320
2.112,R,10,36136,208,80,1288
2.112,R,10,36204,148,124,1296
2.112,R,10,36216,184,176,1296
2.112,R,10,36257,160,128,1292
2.112,R,10,36296,184,160,1260
2.144,R,10,36337,172,156,1324
2.144,R,10,36376,220,172,1336
2.144,R,10,36417,192,144,1372
2.144,R,10,36456,208,160,1352
2.176,R,10,36497,152,192,1296
2.176,R,10,36536,144,188,1272
2.176,R,10,36577,192,156,1248
2.188,R,10,36616,156,140,1376
2.188,R,10,36657,208,164,1308
2.208,R,10,36696,184,176,1248
2.208,R,10,36737,196,176,1316
2.218,R,10,36777,140,156,1328
2.218,R,10,36816,236,140,1300
2.218,R,10,36857,164,120,1248
2.240,R,10,36896,104,184,1328
2.240,R,10,36937,152,124,1328
2.240,R,10,36976,184,144,1344
2.240,R,10,37017,204,192,1276
2.240,R,10,37056,156,156,1284
2.265,SMP,10,203,37105,1,0,184,156,1276,48,504,8188,0,3876,5979,153
2.272,R,10,37097,176,184,1224
2.272,R,10,37136,220,156,1244
2.304,R,10,37208,124,200,1276
2.304,R,10,37216,92,172,1284
2.304,R,10,37257,148,100,1296
2.313,R,10,37296,172,140,1308
2.313,R,10,37337,120,208,1296
2.343,R,10,37376,140,164,1308
2.343,R,10,37416,180,160,1256
2.344,R,10,37457,160,176,1388
2.344,R,10,37496,208,164,1252
2.345,R,10,37537,212,192,1264
2.351,R,10,37576,120,124,1276
2.351,R,10,37617,164,156,1280
2.367,R,10,37656,192,144,1304
2.400,SMP,10,205,38105,1,0,132,216,1252,67,505,8188,0,3876,5979,153
2.400,R,10,37697,208,184,1328
2.400,R,10,37736,156,168,1364
2.400,R,10,37777,160,124,1264
2.407,R,10,37816,112,148,1268
2.431,R,10,37857,156,136,1408
2.431,R,10,37896,172,100,1300
2.431,R,10,37937,156,144,1288
2.431,R,10,37976,188,104,1304
2.466,R,10,38017,220,160,1320
2.468,R,10,38057,196,124,1340
2.468,R,10,38098,152,172,1352
2.468,R,10,38137,240,112,1264
2.468,R,10,38205,220,152,1312
2.495,R,10,38217,156,168,1304
2.495,R,10,38256,156,120,1328
2.495,R,10,38297,192,140,1308
2.495,R,10,38336,224,184,1272
2.495,R,10,38377,152,156,1328
2.527,R,10,38416,188,124,1324
2.527,R,10,38457,192,144,1316
2.527,R,10,38496,204,76,1316
2.531,R,10,38537,192,132,1280
2.531,R,10,38576,156,156,1324
2.543,R,10,38617,184,148,1336
2.543,R,10,38656,156,164,1328
2.560,R,10,38696,204,76,1264
2.560,R,10,38737,172,164,1276
2.560,R,10,38776,172,132,1308
2.591,R,10,38817,180,192,1260
2.591,R,10,38856,152,172,1316
2.594,SMP,10,208,39106,1,0,284,112,1256,51,505,8188,0,3876,5979,153
2.623,R,10,38897,184,160,1308
2.623,R,10,38936,196,164,1328
2.623,R,10,38977,192,140,1312
2.623,R,10,39016,180,104,1308
2.626,R,10,39057,156,76,1312
2.639,R,10,39098,176,156,1308
2.655,R,10,39137,208,96,1264
2.655,R,10,39208,152,104,1316
2.655,R,10,39217,156,128,1304
2.655,R,10,39256,136,156,1268
2.671,R,10,39297,196,156,1308
2.671,R,10,39337,168,172,1288
2.671,R,10,39376,184,160,1304
2.687,R,10,39417,184,132,1328
2.700,R,10,39456,152,144,1292
2.700,R,10,39497,220,104,1292
2.700,R,10,39536,192,128,1276
2.703,R,10,39577,204,88,1308
2.703,R,10,39616,276,64,1316
2.735,R,10,39657,188,108,1412
2.735,R,10,39696,176,152,1380
2.735,R,10,39737,164,208,1288
2.750,R,10,39776,140,204,1336
2.750,R,10,39817,160,140,1316
2.766,R,10,39856,112,168,1252
2.766,R,10,39897,108,208,1260
2.766,R,10,39936,140,96,1340
2.782,R,10,39976,76,172,1324
2.782,R,10,40017,116,180,1264
2.803,R,10,40058,200,136,1364
2.803,SMP,10,211,40108,1,0,88,148,1268,67,508,8188,0,3876,5979,153
2.812,R,10,40099,224,124,1284
2.830,R,10,40136,204,196,1348
2.830,R,10,40208,188,108,1340
2.830,R,10,40216,144,144,1300
2.830,R,10,40257,140,192,1304
2.830,R,10,40296,188,160,1308
2.870,R,10,40337,156,180,1336
2.870,R,10,40376,188,164,1324
2.873,R,10,40417,184,136,1336
2.873,R,10,40456,156,164,1284
2.873,R,10,40497,180,152,1316
2.884,R,10,40536,156,160,1292
2.884,R,10,40577,140,196,1300
2.903,R,10,40617,164,152,1304
2.903,R,10,40656,124,160,1276
2.929,SMP,10,213,41109,1,0,184,180,1268,51,508,8188,0,3876,5979,153
2.929,R,10,40697,148,112,1340
2.929,R,10,40736,152,104,1308
2.929,R,10,40777,192,240,1216
2.961,R,10,40816,164,140,1272
2.961,R,10,40857,184,136,1252
2.961,R,10,40896,156,176,1292
2.961,R,10,40937,176,176,1280
2.961,R,10,40978,204,152,1320
2.993,R,10,41019,156,76,1348
2.993,R,10,41060,96,184,1300
2.993,R,10,41101,152,156,1344
2.993,R,10,41136,104,192,1340
2.999,R,10,41209,180,156,1280
3.025,R,10,41216,180,156,1280
3.025,R,10,41256,176,160,1252
3.025,R,10,41297,204,164,1344
3.025,R,10,41336,192,128,1304
3.057,R,10,41377,180,160,1272
3.057,R,10,41416,156,156,1280
3.057,R,10,41457,160,156,1232
3.057,R,10,41496,208,128,1304
3.057,R,10,41537,144,204,1276
3.089,R,10,41576,156,120,1340
3.089,R,10,41617,228,112,1324
3.089,R,10,41656,184,128,1244
3.089,R,10,41697,160,152,1336
3.089,R,10,41736,144,76,1472
3.121,R,10,41777,172,68,1344
3.121,R,10,41816,212,88,1388
3.121,R,10,41857,168,160,1292
3.137,SMP,10,216,42110,1,0,184,172,1240,78,494,8188,0,3876,5979,153
3.137,R,10,41897,200,156,1308
3.137,R,10,41938,224,116,1304
3.153,R,10,41979,140,176,1340
3.153,R,10,42020,160,160,1328
3.169,R,10,42061,212,160,1284
3.169,R,10,42096,140,128,1416
3.185,R,10,42137,196,204,1272
3.185,R,10,42213,180,124,1324
3.185,R,10,42217,172,180,1300
3.201,R,10,42256,176,92,1356
3.217,R,10,42297,212,92,1320
3.217,R,10,42336,164,180,1300
3.217,R,10,42377,124,124,1316
3.217,R,10,42416,124,168,1332
3.233,R,10,42457,196,156,1256
3.233,R,10,42496,184,160,1296
3.233,R,10,42536,224,168,1284
3.233,R,10,42577,156,132,1280
3.272,R,10,42616,176,156,1308
3.272,R,10,42657,164,196,1248
3.272,R,10,42696,212,148,1304
3.272,R,10,42737,120,140,1340
3.272,R,10,42776,156,152,1328
3.300,R,10,42817,172,204,1280
3.300,R,10,42858,156,144,1356
3.300,R,10,42899,188,128,1340
3.300,R,10,42940,192,192,1316
3.300,R,10,42981,160,156,1324
3.314,R,10,43016,192,176,1328
3.314,R,10,43057,184,156,1168
3.330,SMP,10,219,43110,1,0,132,124,1308,22,491,8188,0,3876,5979,153
3.362,R,10,43096,156,196,1268
3.362,R,10,43137,192,176,1324
3.362,R,10,43212,164,208,1320
3.362,R,10,43216,172,180,1256
3.362,R,10,43257,172,156,1308
3.401,R,10,43296,128,204,1292
3.401,R,10,43337,168,156,1308
3.401,R,10,43376,160,164,1304
3.401,R,10,43417,192,172,1296
3.401,R,10,43456,212,104,1332
3.432,R,10,43497,120,96,1312
3.432,R,10,43536,220,140,1348
3.432,R,10,43577,180,164,1280
3.432,R,10,43616,172,108,1308
3.432,R,10,43657,236,124,1244
3.464,SMP,10,221,44111,1,0,180,104,1236,89,498,8188,0,3876,5979,153
3.464,R,10,43696,252,140,1276
3.464,R,10,43737,140,172,1300
3.480,R,10,43776,140,216,1340
3.480,R,10,43816,164,132,1280
3.496,R,10,43857,176,184,1252
3.496,R,10,43898,228,152,1260
3.496,R,10,43939,132,132,1312
3.512,R,10,43980,156,156,1308
3.512,R,10,44021,156,188,1252
3.512,R,10,44056,124,124,1296
3.512,R,10,44097,220,204,1220
3.528,R,10,44136,140,224,1308
3.544,R,10,44212,212,76,1300
3.544,R,10,44216,212,76,1300
3.544,R,10,44257,192,180,1344
3.544,R,10,44296,188,136,1256
3.577,R,10,44337,156,104,1372
3.577,R,10,44376,180,144,1344
3.577,R,10,44417,192,140,1308
3.577,R,10,44457,76,160,1316
3.577,R,10,44496,168,192,1268
3.609,R,10,44537,136,228,1272
3.609,R,10,44576,188,144,1324
3.609,R,10,44617,176,108,1340
3.609,R,10,44656,164,140,1364
3.609,R,10,44697,184,156,1312
3.641,R,10,44736,192,196,1244
3.641,R,10,44777,156,156,1292
3.641,R,10,44818,184,124,1336
3.641,R,10,44859,132,200,1276
3.656,SMP,10,224,45111,1,0,192,56,1340,11,504,8188,0,3876,5979,153
3.656,R,10,44900,168,240,1276
3.675,R,10,44941,184,152,1252
3.675,R,10,44976,140,140,1420
3.705,R,10,45017,176,140,1328
3.705,R,10,45056,152,176,1324
3.705,R,10,45096,124,140,1316
3.705,R,10,45137,88,152,1264
3.705,R,10,45211,104,164,1348
3.737,R,10,45217,160,176,1292
3.737,R,10,45256,152,156,1304
3.737,R,10,45297,196,132,1324
3.737,R,10,45336,124,144,1296
3.737,R,10,45377,192,132,1292
3.769,R,10,45416,196,120,1292
3.769,R,10,45457,188,160,1320
3.769,R,10,45496,172,164,1324
3.769,R,10,45537,140,172,1308
3.769,R,10,45576,156,108,1476
3.803,R,10,45617,164,124,1312
3.803,R,10,45656,120,180,1264
3.803,R,10,45697,180,144,1276
3.803,R,10,45737,192,140,1332
3.838,R,10,45776,156,144,1336
3.838,R,10,45817,196,176,1308
3.838,R,10,45858,176,176,1300
3.838,R,10,45899,152,172,1352
3.838,R,10,45940,148,76,1340
3.849,R,10,45981,180,180,1336
3.849,R,10,46016,176,176,1324
3.849,R,10,46057,152,124,1276
3.901,SMP,10,227,46112,1,0,140,140,1380,51,504,8188,0,3876,5979,153
3.901,R,10,46096,164,124,1300
3.901,R,10,46137,224,96,1264
3.901,R,10,46215,184,164,1272
3.901,R,10,46217,184,164,1272
3.932,R,10,46256,240,56,1300
3.933,R,10,46297,120,184,1264
3.933,R,10,46336,228,156,1280
3.933,R,10,46376,184,152,1356
3.933,R,10,46417,-40,472,936
3.948,R,10,46456,108,204,1292
3.964,R,10,46497,-148,-220,1192
3.964,R,10,46536,192,12,1336
3.964,R,10,46577,144,352,1304
3.964,R,10,46616,4,368,1132
3.980,R,10,46657,304,384,1700
3.996,SMP,10,229,47112,1,0,-144,92,1484,150,505,8188,0,3876,5979,185
3.996,R,10,46696,-424,396,1784
4.001,R,10,46737,92,-28,1352
4.001,R,10,46778,12,-168,1172
4.001,R,10,46819,76,-92,624
4.012,R,10,46860,88,44,364
4.012,R,10,46901,420,44,-60
4.044,R,10,46936,4,132,1148
4.044,R,10,46977,116,116,2180
4.044,R,10,47017,-848,508,2992
4.044,R,10,47056,68,140,1684
4.044,R,10,47097,-60,240,1408
4.077,R,10,47136,-32,48,1020
4.077,R,10,47214,40,116,688
4.077,R,10,47216,40,116,688
4.077,R,10,47257,312,-92,412
4.077,R,10,47296,316,44,876
4.109,R,10,47337,-152,308,1992
4.109,R,10,47376,-280,448,2104
4.109,R,10,47417,-232,196,1900
4.109,R,10,47456,16,192,1388
4.109,R,10,47497,116,164,952
4.141,R,10,47536,68,-60,556
4.141,R,10,47577,544,-52,20
4.141,R,10,47616,204,252,1416
4.141,R,10,47656,720,1484,1940
4.141,R,10,47697,-16,496,1824
4.173,R,10,47736,-40,156,1508
4.173,R,10,47777,140,192,1048
4.173,R,10,47818,124,60,796
4.173,R,10,47859,120,-56,736
4.189,SMP,10,232,48113,1,0,112,144,1328,1,507,8188,0,3876,5979,185
4.189,R,10,47900,176,136,708
4.205,R,10,47941,108,204,1100
4.205,R,10,47976,64,224,1304
4.237,R,10,48017,604,252,1272
4.237,R,10,48056,144,168,1260
4.237,R,10,48097,96,160,1336
4.246,R,10,48136,88,192,1356
4.246,R,10,48214,120,156,1328
4.275,R,10,48216,120,156,1328
4.275,R,10,48257,72,156,1320
4.275,R,10,48297,124,164,1284
4.275,R,10,48336,44,124,1316
4.276,R,10,48377,88,140,1332
4.302,R,10,48416,132,152,1336
4.302,R,10,48457,112,196,1308
4.302,R,10,48496,104,232,1296
4.302,R,10,48537,124,180,1296
4.302,R,10,48576,76,140,1332
4.335,R,10,48617,128,112,1400
4.335,R,10,48656,92,188,1308
4.335,R,10,48697,76,152,1292
4.339,R,10,48738,148,104,1276
4.339,R,10,48779,76,108,1356
4.366,R,10,48820,112,156,1296
4.366,R,10,48861,132,156,1276
4.366,R,10,48896,164,144,1328
4.366,R,10,48936,116,192,1264
4.382,R,10,48977,88,168,1264
4.382,R,10,49016,116,124,1312
4.382,R,10,49057,120,156,1292
4.398,SMP,10,235,49113,1,0,120,172,1292,32,505,8188,0,3876,5979,153
4.430,R,10,49096,68,124,1308
4.430,R,10,49137,108,196,1380
4.430,R,10,49213,148,108,1312
4.430,R,10,49217,148,108,1312
4.430,R,10,49256,132,156,1260
4.462,R,10,49297,116,176,1228
4.463,R,10,49336,112,152,1348
4.463,R,10,49377,112,224,1296
4.463,R,10,49416,96,160,1288
4.464,R,10,49457,60,164,1304
4.477,R,10,49496,116,156,1288
4.477,R,10,49537,108,180,1308
4.483,R,10,49577,116,152,1264
4.483,R,10,49616,76,172,1308
4.515,R,10,49657,108,196,1328
4.515,SMP,10,237,50114,1,0,112,184,1340,16,507,8188,0,3876,5979,153
4.515,R,10,49696,104,112,1296
4.515,R,10,49737,76,124,1276
4.547,R,10,49778,128,120,1340
4.547,R,10,49819,148,184,1292
4.547,R,10,49860,128,156,1304
4.547,R,10,49901,100,132,1344
4.580,R,10,49936,136,156,1268
4.580,R,10,49977,136,132,1284
4.580,R,10,50016,160,184,1296
4.580,R,10,50057,88,172,1312
4.580,R,10,50096,112,120,1316
4.612,R,10,50137,120,200,1336
4.612,R,10,50216,112,176,1324
4.618,R,10,50257,144,112,1356
4.618,R,10,50296,112,156,1256
4.618,R,10,50337,104,164,1308
4.644,R,10,50376,96,192,1292
4.644,R,10,50417,124,172,1316
4.644,R,10,50456,96,176,1336
4.644,R,10,50497,124,128,1340
4.644,R,10,50536,128,164,1284
4.659,R,10,50577,112,176,1340
4.659,R,10,50616,60,284,1280
4.679,R,10,50657,64,188,1296
4.679,R,10,50698,-12,224,1532
4.679,R,10,50739,-84,204,1476
4.707,R,10,50780,20,48,1376
4.707,R,10,50821,-8,144,1280
4.715,R,10,50862,-64,116,1216
4.715,R,10,50896,-112,96,1240
4.739,SMP,10,240,51116,1,0,-16,128,640,687,508,8188,0,3876,5979,153
4.739,R,10,50937,-228,-4,1208
4.739,R,10,50976,-176,12,1120
4.739,R,10,51017,-232,156,1020
4.771,R,10,51056,-208,96,960
4.771,R,10,51097,-72,120,688
4.771,R,10,51136,124,128,552
4.779,R,10,51218,-1060,1740,2064
4.779,R,10,51259,224,332,1316
4.791,R,10,51298,-220,128,1920
4.791,R,10,51339,196,76,936
4.791,R,10,51378,4,156,1232
4.821,R,10,51419,-28,96,1096
4.821,R,10,51458,4,216,1064
4.821,R,10,51499,56,224,964
4.821,R,10,51539,196,192,732
4.821,R,10,51578,324,100,864
4.850,R,10,51619,316,104,1172
4.850,R,10,51658,12,336,1464
4.850,R,10,51699,20,32,1592
4.850,R,10,51740,60,168,1220
4.850,R,10,51781,8,96,1072
4.866,R,10,51822,100,184,816
4.866,R,10,51863,116,256,748
4.882,R,10,51898,236,164,736
4.882,R,10,51939,-64,1516,1220
4.882,R,10,51978,124,176,1164
4.914,R,10,52019,36,152,1340
4.914,R,10,52058,76,72,1248
4.914,R,10,52099,96,160,1312
4.914,R,10,52140,140,140,1372
4.946,SMP,10,243,52117,1,0,136,148,1324,2,504,8188,0,3876,5979,185
4.951,R,10,52217,128,152,1304
4.951,R,10,52219,128,152,1304
4.951,R,10,52258,84,184,1344
4.980,R,10,52299,108,208,1292
4.980,R,10,52338,104,116,1384
4.980,R,10,52379,156,124,1316
4.980,R,10,52418,100,144,1296
4.980,R,10,52459,36,116,1312
4.996,R,10,52498,152,116,1352
4.997,R,10,52539,116,116,1296
5.003,R,10,52578,120,196,1272
5.003,R,10,52619,108,140,1316
5.003,R,10,52660,172,156,1276
5.032,R,10,52701,108,160,1328
5.032,R,10,52742,132,76,1228
5.032,SMP,10,245,53118,1,0,184,152,1276,41,487,8188,0,3876,5979,153
5.064,R,10,52783,80,256,1180
5.064,R,10,52824,68,272,1296
5.064,R,10,52858,216,196,1272
5.064,R,10,52899,176,152,1232
5.064,R,10,52938,148,64,1340
5.104,R,10,52979,172,112,1292
5.104,R,10,53018,456,-212,1252
5.104,R,10,53059,164,100,1328
5.104,R,10,53098,172,144,1308
5.104,R,10,53139,224,124,1396
5.112,R,10,53178,172,116,1240
5.112,R,10,53221,136,60,1216
5.128,R,10,53258,172,100,1284
5.128,R,10,53299,156,120,1308
5.128,R,10,53338,128,144,1348
5.161,R,10,53379,144,156,1340
5.161,R,10,53420,160,156,1320
5.161,R,10,53458,-36,332,2116
5.161,R,10,53499,104,108,1884
5.192,R,10,53538,-32,-128,1680
5.192,R,10,53579,108,80,1000
5.192,R,10,53620,76,-156,612
5.192,R,10,53661,-112,-92,544
5.192,R,10,53702,-136,48,464
5.208,R,10,53743,-100,72,668
5.208,R,10,53778,-116,204,932
5.208,R,10,53819,96,124,1172
5.224,R,10,53858,128,136,1760
5.224,R,10,53899,-180,4,2160
5.256,R,10,53938,388,12,1472
5.256,SMP,10,248,54118,1,0,36,276,968,335,507,8188,0,3876,5979,185
5.256,R,10,53979,-172,148,1696
5.256,R,10,54018,56,156,1164
5.288,R,10,54059,56,-36,1168
5.288,R,10,54099,-28,124,1032
5.295,R,10,54138,-4,324,764
5.295,R,10,54218,316,180,576
5.295,R,10,54259,0,-4,1692
5.320,R,10,54298,404,168,1636
5.320,R,10,54339,-180,364,1924
5.326,R,10,54378,-192,60,1872
5.326,R,10,54419,164,104,1028
5.352,R,10,54458,-92,196,976
5.352,R,10,54499,28,152,756
5.352,R,10,54538,240,144,608
5.352,R,10,54579,388,120,592
5.352,R,10,54620,72,1128,812
5.384,R,10,54661,140,128,1280
5.384,R,10,54702,-52,100,1260
5.384,R,10,54743,120,144,1256
5.384,R,10,54784,96,148,1336
5.384,R,10,54818,128,176,1260
5.416,R,10,54859,68,132,1228
5.416,R,10,54898,96,108,1340
5.416,R,10,54939,128,112,1276
5.419,R,10,54978,204,116,1280
5.419,R,10,55019,160,140,1284
5.448,R,10,55058,112,144,1300
5.448,R,10,55099,128,140,1260
5.448,R,10,55138,76,200,1260
5.448,R,10,55179,108,140,1308
5.480,SMP,10,251,55119,1,0,92,112,1320,13,509,8188,0,3876,5979,185
5.481,R,10,55222,104,148,1304
5.481,R,10,55259,-32,164,1436
5.481,R,10,55298,-52,124,1444
5.510,R,10,55339,0,132,1392
5.511,R,10,55379,168,196,924
5.511,R,10,55418,136,68,840
5.512,R,10,55459,108,20,784
5.512,R,10,55498,-8,316,1992
5.534,R,10,55539,240,256,1480
5.534,R,10,55580,-160,256,1680
5.534,R,10,55621,64,204,1268
5.534,R,10,55662,68,152,952
5.534,R,10,55703,28,140,804
5.566,R,10,55738,260,12,416
5.566,R,10,55779,208,76,1336
5.566,SMP,10,253,56119,1,0,356,180,1356,76,507,8188,0,3876,5979,185
5.602,R,10,55818,444,204,1360
5.602,R,10,55859,-108,208,1648
5.602,R,10,55898,152,24,1396
5.605,R,10,55939,28,356,836
5.605,R,10,55980,28,192,1048
5.632,R,10,56018,32,208,768
5.632,R,10,56059,284,56,696
5.632,R,10,56098,-1064,-160,3352
5.632,R,10,56139,268,184,1148
5.632,R,10,56178,-128,148,1680
5.647,R,10,56221,100,140,1252
5.647,R,10,56258,-52,260,1120
5.647,R,10,56299,44,196,1052
5.662,R,10,56338,236,228,528
5.662,R,10,56379,228,-72,796
5.696,R,10,56418,524,156,1380
5.696,R,10,56459,-128,148,1724
5.696,R,10,56498,-128,240,1592
5.696,R,10,56539,36,144,1084
5.696,R,10,56580,28,204,1036
5.726,R,10,56621,92,156,784
5.726,R,10,56662,76,332,796
5.726,R,10,56702,-60,224,1420
5.726,R,10,56743,104,44,1244
5.726,R,10,56778,48,152,1272
5.758,R,10,56819,68,-12,1248
5.758,R,10,56858,96,92,1312
5.758,R,10,56899,-68,64,1332
5.758,R,10,56938,80,112,1336
5.758,R,10,56979,64,148,1328
5.790,SMP,10,256,57120,1,0,40,128,1384,53,504,8188,0,3876,5979,185
5.790,R,10,57018,48,208,1252
5.790,R,10,57059,56,152,1284
5.811,R,10,57098,56,76,1392
5.811,R,10,57139,-16,120,1552
5.811,R,10,57178,4,256,1400
5.822,R,10,57221,8,196,1256
5.822,R,10,57260,-64,192,1136
5.822,R,10,57298,132,76,732
5.822,R,10,57339,204,116,504
5.838,R,10,57378,256,120,856
5.838,R,10,57419,512,-180,1352
5.854,R,10,57458,-68,96,1580
5.870,R,10,57499,-20,116,1524
5.870,R,10,57540,48,184,1060
5.870,R,10,57581,56,212,968
5.870,R,10,57622,100,160,768
5.870,R,10,57663,204,236,800
5.911,R,10,57698,108,96,1300
5.911,R,10,57739,352,48,1368
5.911,R,10,57778,-196,72,1864
5.911,R,10,57819,-96,112,1332
5.911,R,10,57858,-20,100,1216
5.934,R,10,57899,-32,120,1048
5.934,R,10,57939,-196,280,1100
5.934,R,10,57978,-156,308,1080
5.934,R,10,58019,-184,272,1084
5.948,R,10,58058,-336,356,1168
5.966,R,10,58099,-296,-116,708
5.966,R,10,58138,-160,272,1376
5.966,R,10,58179,-92,376,1432
5.998,SMP,10,259,58120,1,0,-92,336,1100,181,510,8188,0,3876,5979,185
5.998,R,10,58222,-132,192,1248
5.998,R,10,58259,-24,300,1224
5.998,R,10,58298,-60,444,1316
6.010,R,10,58339,20,376,1356
6.031,R,10,58378,-48,440,1300
6.031,R,10,58419,-16,192,1348
6.031,R,10,58458,-52,292,1328
6.031,R,10,58499,-56,652,1324
6.069,R,10,58540,-12,440,1296
6.069,R,10,58580,-112,384,1340
6.069,R,10,58621,52,336,1080
6.071,R,10,58662,20,528,1308
6.071,R,10,58703,272,400,1356
6.083,R,10,58738,-156,708,1020
6.083,R,10,58779,-344,500,1276
6.100,SMP,10,261,59121,1,0,-24,636,1284,99,516,8188,0,3876,5979,153
6.132,R,10,58818,-60,652,1020
6.132,R,10,58859,48,480,1504
6.132,R,10,58898,-348,416,1056
6.134,R,10,58939,-72,696,816
6.134,R,10,58978,-28,448,1220
6.163,R,10,59019,-36,664,1508
6.163,R,10,59058,60,484,1252
6.163,R,10,59099,12,516,1280
6.163,R,10,59138,-4,620,1308
6.163,R,10,59179,-2792,1520,636
6.179,R,10,59224,952,-188,988
6.179,R,10,59258,1164,396,1440
6.180,R,10,59299,332,696,1136
6.195,R,10,59338,144,704,1212
6.195,R,10,59379,216,512,1224
6.227,R,10,59418,-60,460,1136
6.227,R,10,59459,20,556,1248
6.227,R,10,59500,140,624,1152
6.227,R,10,59541,152,652,1232
6.227,R,10,59582,76,708,1208
6.243,R,10,59623,80,740,1176
6.243,R,10,59658,96,716,1232
6.243,R,10,59699,-308,224,1120
6.243,R,10,59738,64,1152,1180
6.259,R,10,59779,72,580,1148
6.275,R,10,59820,224,828,1048
6.275,R,10,59858,-16,624,1248
6.291,R,10,59899,16,796,1264
6.291,R,10,59938,140,576,1040
6.313,R,10,59979,-32,688,1252
6.313,SMP,10,264,60121,1,0,420,140,896,338,504,8188,0,3869,5979,185
6.313,R,10,60018,-96,724,1264
6.313,R,10,60059,-484,716,1292
6.339,R,10,60098,160,408,860
6.339,R,10,60139,824,532,1248
6.352,R,10,60178,420,712,1264
6.352,R,10,60223,368,736,1124
6.371,R,10,60258,752,480,692
6.371,R,10,60299,240,524,1196
6.384,R,10,60338,-8,736,1128
6.384,R,10,60379,100,652,1176
6.384,R,10,60418,76,772,1168
6.413,R,10,60459,96,728,1136
6.413,R,10,60499,28,792,1136
6.413,R,10,60540,112,800,1156
6.413,R,10,60581,96,772,1036
6.413,R,10,60622,24,792,1092
6.419,R,10,60663,60,816,1148
6.419,R,10,60698,56,832,1080
6.419,R,10,60739,96,824,1068
6.435,R,10,60778,-32,832,1120
6.435,R,10,60819,36,828,1020
6.467,R,10,60858,68,796,1100
6.467,R,10,60899,32,844,1124
6.467,R,10,60938,76,800,1100
6.478,R,10,60979,48,800,1100
6.478,R,10,61018,48,800,1084
6.501,R,10,61059,28,832,1088
6.501,R,10,61100,24,780,1072
6.501,R,10,61138,56,796,1144
6.509,R,10,61179,-8,832,1084
6.531,SMP,10,267,61122,1,0,64,816,1012,35,497,8188,0,3869,5979,185
6.531,R,10,61222,32,772,1128
6.531,R,10,61259,32,816,1136
6.531,R,10,61298,12,768,1100
6.531,R,10,61339,56,816,1104
6.568,R,10,61378,44,824,1120
6.568,R,10,61419,12,816,1080
6.568,R,10,61460,48,792,1112
6.568,R,10,61501,12,820,1072
6.568,R,10,61542,36,824,1084
6.600,R,10,61583,32,820,1120
6.601,R,10,61618,60,796,1080
6.601,R,10,61659,8,812,1100
6.601,R,10,61698,36,816,1100
6.601,R,10,61739,28,796,1112
6.616,R,10,61779,36,824,1112
6.632,SMP,10,269,62124,1,0,12,784,1120,29,508,8188,0,3869,5979,153
6.632,R,10,61818,32,792,1052
6.648,R,10,61859,4,800,1132
6.648,R,10,61898,28,812,1116
6.664,R,10,61939,32,804,1084
6.664,R,10,61978,48,764,1120
6.664,R,10,62019,28,816,1120
6.680,R,10,62058,52,836,1120
6.680,R,10,62099,24,820,1116
6.680,R,10,62138,32,836,1140
6.696,R,10,62179,60,740,1180
6.696,R,10,62224,20,764,1104
6.716,R,10,62259,36,796,1080
6.716,R,10,62298,20,784,1056
6.716,R,10,62339,0,784,1092
6.716,R,10,62380,44,824,1080
6.726,R,10,62420,-16,796,1116
6.744,R,10,62461,28,784,1088
6.744,R,10,62502,28,792,1084
6.744,R,10,62543,36,812,1072
6.744,R,10,62578,0,832,1060
6.744,R,10,62619,28,832,1100
6.760,R,10,62658,-4,788,1088
6.760,R,10,62699,12,780,1104
6.760,R,10,62738,-60,820,1180
6.776,R,10,62779,96,708,1168
6.776,R,10,62818,108,740,1372
6.818,R,10,62859,-32,828,1560
6.818,R,10,62898,60,636,1520
6.818,R,10,62939,32,576,1472
6.818,R,10,62978,140,560,1420
6.840,SMP,10,272,63125,1,0,56,456,992,244,504,8188,0,3869,5979,153
6.840,R,10,63019,152,160,1540
6.840,R,10,63059,-84,328,1208
6.852,R,10,63098,-16,396,1060
6.872,R,10,63139,160,448,948
6.872,R,10,63178,104,608,708
6.872,R,10,63227,112,564,844
6.872,R,10,63258,196,664,976
6.872,R,10,63299,220,632,764
6.908,R,10,63340,384,636,1088
6.908,R,10,63381,400,544,996
6.908,R,10,63422,440,644,1324
6.908,R,10,63463,284,608,1240
6.908,R,10,63498,432,508,1376
6.936,R,10,63539,480,504,1292
6.936,R,10,63578,412,444,1120
6.936,R,10,63619,624,604,1436
6.936,R,10,63660,524,352,1264
6.936,R,10,63698,420,412,1404
6.952,R,10,63739,524,412,1288
6.952,R,10,63778,508,352,1348
6.968,R,10,63819,496,384,972
6.968,R,10,63858,408,500,1564
6.968,R,10,63899,448,448,1328
7.000,R,10,63938,508,396,956
7.000,R,10,63979,204,1196,1436
7.000,R,10,64018,304,428,1156
7.000,R,10,64059,504,572,1180
7.030,R,10,64098,396,204,1208
7.030,R,10,64139,392,532,1100
7.030,R,10,64178,408,592,1224
7.038,SMP,10,275,64126,1,0,436,536,1072,64,511,8188,0,3869,5979,153
7.063,R,10,64229,572,508,912
7.063,R,10,64260,440,456,1136
7.069,R,10,64301,364,656,1188
7.069,R,10,64342,500,608,1076
7.097,R,10,64382,356,652,1264
7.097,R,10,64423,636,536,1168
7.100,R,10,64458,600,624,864
7.100,R,10,64499,688,736,992
7.101,R,10,64538,800,516,1148
7.117,R,10,64579,524,768,804
7.117,R,10,64618,780,304,1020
7.117,R,10,64659,752,332,1420
7.133,R,10,64698,652,484,1020
7.133,R,10,64739,1008,336,1312
7.149,R,10,64778,992,100,1472
7.149,SMP,10,277,65126,1,0,352,224,924,326,509,8188,0,3869,5979,153
7.149,R,10,64819,768,228,1460
7.180,R,10,64858,752,416,1820
7.180,R,10,64899,608,404,1340
7.180,R,10,64940,624,408,1476
7.180,R,10,64978,536,416,1460
7.180,R,10,65019,472,320,1100
7.196,R,10,65058,476,288,1148
7.196,R,10,65099,412,156,928
7.196,R,10,65138,380,284,976
7.217,R,10,65179,468,212,1180
7.217,R,10,65228,300,120,964
7.244,R,10,65259,316,152,912
7.244,R,10,65300,396,312,1200
7.244,R,10,65341,448,304,1284
7.244,R,10,65382,208,252,1088
7.244,R,10,65423,268,368,1168
7.277,R,10,65458,120,460,1124
7.277,R,10,65499,208,480,1376
7.277,R,10,65538,348,320,1232
7.277,R,10,65579,304,260,1376
7.277,R,10,65619,260,260,1464
7.317,R,10,65658,124,392,1176
7.317,R,10,65699,-4,452,1336
7.317,R,10,65738,8,568,1216
7.317,R,10,65779,-196,560,1088
7.317,R,10,65818,24,732,1148
7.347,R,10,65859,-20,628,1264
7.348,R,10,65898,-144,448,1084
7.348,R,10,65939,112,700,1124
7.348,R,10,65978,0,696,1340
7.374,SMP,10,280,66127,1,0,-224,444,1184,53,511,8188,0,3869,5979,153
7.374,R,10,66019,32,752,1340
7.374,R,10,66058,112,664,1452
7.374,R,10,66099,-180,568,1284
7.390,R,10,66138,-356,240,940
7.390,R,10,66179,-252,488,924
7.406,R,10,66230,192,324,936
7.406,R,10,66260,252,480,1052
7.406,R,10,66301,24,780,1120
7.439,R,10,66342,268,736,1136
7.439,R,10,66383,320,460,1056
7.439,R,10,66418,68,540,1080
7.439,R,10,66459,304,632,1056
7.471,R,10,66498,352,652,1412
7.471,R,10,66539,164,736,1476
7.471,R,10,66578,-128,112,1404
7.471,R,10,66619,-64,540,1728
7.471,R,10,66658,120,108,1304
7.503,R,10,66699,-116,-76,976
7.503,R,10,66738,68,36,1248
7.503,R,10,66779,408,208,1760
7.503,R,10,66818,352,524,928
7.503,R,10,66859,64,540,1224
7.520,R,10,66899,124,316,1252
7.535,R,10,66938,96,408,1328
7.535,R,10,66979,160,412,1580
7.535,R,10,67018,300,176,1180
7.535,R,10,67059,96,188,1308
7.535,R,10,67098,200,48,1300
7.551,R,10,67139,224,116,1332
7.567,R,10,67178,68,84,1336
7.568,BOOT,11,283,7,0.2.0
7.569,EVT,11,284,16,STATE_CHANGE,1,0
7.583,R,11,43,256,0,0
7.583,R,11,83,0,0,0
7.583,R,11,124,224,140,1264
7.583,R,11,163,0,0,0
7.583,R,11,204,192,204,1308
7.599,R,11,243,156,176,1344
7.617,R,11,284,216,124,1216
7.617,R,11,323,140,120,1356
7.617,R,11,364,252,112,1340
7.617,R,11,403,204,140,1200
7.631,R,11,444,124,144,1312
7.660,R,11,483,112,140,1344
7.661,R,11,524,-444,824,1248
7.661,R,11,563,572,-160,1084
7.662,R,11,604,-4,-4,-4
7.662,BOOT,12,286,2,0.2.0
7.686,EVT,12,287,16,STATE_CHANGE,1,0
7.686,R,12,43,112,164,1324
7.686,R,12,83,124,168,1116
7.686,R,12,124,152,172,1240
7.686,R,12,163,224,112,1392
7.717,R,12,204,204,48,1468
7.717,R,12,243,112,192,1496
7.717,R,12,284,172,172,1280
7.717,R,12,323,240,100,1276
7.723,R,12,364,160,160,1328
7.723,R,12,403,144,192,1280
7.733,R,12,444,240,132,1376
7.733,R,12,483,144,68,1276
7.749,R,12,524,112,176,1304
7.749,R,12,563,140,256,1304
7.749,R,12,604,180,116,1368
7.781,BOOT,13,289,5,0.2.0
7.781,EVT,13,290,16,STATE_CHANGE,1,0
7.781,R,13,43,196,108,1328
7.781,R,13,83,92,96,1320
7.781,R,13,124,268,128,1308
7.814,R,13,163,120,112,1292
7.814,R,13,204,128,260,1276
7.814,R,13,243,204,128,1276
7.814,R,13,284,152,128,1276
7.817,R,13,323,204,128,1296
7.846,R,13,364,160,108,1248
7.846,R,13,403,248,108,1360
7.846,R,13,444,64,140,1304
7.846,R,13,483,188,88,1228
7.846,R,13,524,236,140,1248
7.877,R,13,563,164,224,1248
7.877,R,13,604,144,196,1328
7.877,BOOT,14,292,5,0.2.0
7.877,EVT,14,293,16,STATE_CHANGE,1,0
7.880,R,14,43,176,-28,1340
7.908,R,14,83,272,52,1344
7.908,R,14,124,288,152,1404
7.908,R,14,163,460,-64,1264
7.908,R,14,204,-116,176,1308
7.908,R,14,243,156,112,1324
7.910,R,14,284,100,140,1308
7.925,R,14,323,188,140,1308
7.925,R,14,364,224,128,1248
7.936,R,14,403,160,128,1292
7.936,R,14,444,160,132,1376
7.941,R,14,483,268,176,1376
7.957,R,14,524,544,-180,1376
7.957,R,14,563,192,500,1296
7.957,R,14,604,-256,332,1264
7.957,BOOT,15,295,5,0.2.0
7.973,EVT,15,296,16,STATE_CHANGE,1,0
7.989,R,15,43,88,180,1324
7.989,R,15,83,188,84,1292
7.989,R,15,124,256,304,1232
7.989,R,15,163,224,128,1372
7.989,R,15,204,164,96,1260
8.021,R,15,243,120,192,1308
8.035,R,15,284,200,160,1292
8.035,R,15,323,208,160,1312
8.035,R,15,364,192,156,1232
8.037,R,15,403,208,124,1344
8.053,R,15,444,156,124,1328
8.053,R,15,483,224,156,1340
8.053,R,15,524,220,144,1304
8.053,R,15,563,192,156,1304
8.053,R,15,604,208,124,1328
8.084,BOOT,16,298,5,0.2.0
8.084,EVT,16,299,16,STATE_CHANGE,1,0
8.084,R,16,43,192,164,1308
8.084,R,16,83,164,136,1224
8.084,R,16,124,152,188,1248
8.119,R,16,163,192,96,1308
8.119,R,16,204,192,156,1312
8.119,R,16,243,204,124,1264
8.119,R,16,284,204,132,1336
8.119,R,16,323,188,128,1308
8.119,R,16,364,176,100,1308
8.150,R,16,403,148,124,1356
8.150,R,16,444,140,112,1408
8.150,R,16,483,144,128,1292
8.150,R,16,524,176,216,1232
8.150,R,16,563,184,160,1248
8.164,R,16,604,192,204,1276
8.164,BOOT,17,301,5,0.2.0
8.189,EVT,17,302,16,STATE_CHANGE,1,0
8.189,R,17,43,196,108,1304
8.189,R,17,83,160,92,1284
8.219,R,17,124,160,128,1308
8.219,R,17,163,200,92,1344
8.219,R,17,204,204,96,1312
8.219,R,17,243,172,96,1348
8.219,R,17,284,204,140,1244
8.249,R,17,323,208,96,1360
8.249,R,17,364,196,184,1248
8.249,R,17,403,140,164,1236
8.249,R,17,444,192,112,1340
8.249,R,17,483,220,136,1248
8.265,R,17,524,192,80,1336
8.265,R,17,563,120,112,1348
8.265,R,17,604,184,176,1264
8.281,BOOT,18,304,5,0.2.0
8.281,EVT,18,305,16,STATE_CHANGE,1,0
8.313,R,18,43,144,-112,1332
8.313,R,18,83,244,36,1324
8.313,R,18,124,272,76,1276
8.313,R,18,163,368,-12,1208
8.313,R,18,204,356,4,1376
8.313,R,18,243,352,24,1216
8.345,R,18,284,432,-80,1280
8.345,R,18,323,320,108,1132
8.345,R,18,364,380,-16,1244
8.345,R,18,403,464,32,1248
8.345,R,18,444,544,48,1220
8.377,R,18,483,508,0,1292
8.377,R,18,524,464,32,1216
8.377,R,18,563,452,56,1240
8.377,R,18,604,340,24,1232
8.377,BOOT,19,307,5,0.2.0
8.393,EVT,19,308,16,STATE_CHANGE,1,0
8.393,R,19,43,192,4,1308
8.393,R,19,83,244,48,1328
8.393,R,19,124,252,12,1312
8.393,R,19,163,176,-12,1308
8.409,R,19,204,268,-32,1328
8.425,R,19,243,256,60,1232
8.425,R,19,284,276,16,1292
8.425,R,19,323,160,60,1252
8.441,R,19,364,160,-16,1340
8.441,R,19,403,156,60,1264
8.441,R,19,444,208,76,1284
8.441,R,19,483,224,48,1292
8.441,R,19,524,192,64,1280
8.457,R,19,563,188,32,1308
8.457,R,19,604,192,48,1276
8.457,BOOT,20,310,5,0.2.0
8.490,EVT,20,311,16,STATE_CHANGE,1,0
8.490,R,20,43,288,244,1276
8.490,R,20,83,316,244,1284
8.490,R,20,124,284,192,1252
8.490,R,20,163,320,152,1292
8.522,R,20,204,332,48,1408
8.522,R,20,243,332,96,1308
8.522,R,20,284,312,68,1388
8.522,R,20,323,288,96,1388
8.522,R,20,364,248,128,1348
8.554,R,20,403,284,180,1308
8.554,R,20,444,316,192,1248
8.554,R,20,483,308,248,1248
8.554,R,20,524,384,304,1208
8.554,R,20,563,332,272,1264
8.587,R,20,604,312,252,1304
8.587,BOOT,21,313,5,0.2.0
8.587,EVT,21,314,16,STATE_CHANGE,1,0
8.597,R,21,43,316,192,1324
8.597,R,21,83,304,252,1280
8.602,R,21,124,364,224,1280
8.602,R,21,163,228,244,1372
8.602,R,21,204,316,272,1256
8.620,R,21,243,224,304,1232
8.620,R,21,284,304,284,1240
8.650,R,21,323,252,304,1216
8.650,R,21,364,224,292,1216
8.650,R,21,403,224,280,1292
8.650,R,21,444,240,284,1228
8.650,R,21,483,204,248,1344
8.650,R,21,524,236,280,1276
8.685,R,21,563,256,244,1272
8.685,R,21,604,208,96,1280
8.685,BOOT,22,316,5,0.2.0
8.690,EVT,22,317,16,STATE_CHANGE,1,0
8.690,R,22,43,236,24,1264
8.718,R,22,83,312,-64,1320
8.718,R,22,124,288,-160,1404
8.720,R,22,163,352,-164,1496
8.720,R,22,204,436,-160,1408
8.720,R,22,243,512,-260,1216
8.750,R,22,284,572,-384,1216
8.750,R,22,323,496,-168,1112
8.750,R,22,364,544,-176,1148
8.750,R,22,403,496,-100,1148
8.750,R,22,444,448,-48,1148
8.780,R,22,483,524,-36,1088
8.780,R,22,524,580,-68,1164
8.780,R,22,563,584,-40,1212
8.780,R,22,604,568,-52,1248
8.782,BOOT,23,319,5,0.2.0
8.812,EVT,23,320,16,STATE_CHANGE,1,0
8.812,R,23,43,236,-100,1268
8.812,R,23,83,284,-64,1276
8.812,R,23,124,240,-104,1244
8.812,R,23,163,236,-96,1248
8.830,R,23,204,252,-112,1272
8.830,R,23,243,172,-112,1344
8.830,R,23,284,196,-64,1284
8.830,R,23,323,176,-4,1204
8.845,R,23,364,224,-64,1292
8.845,R,23,403,224,12,1144
8.845,R,23,444,240,-64,1312
8.845,R,23,483,228,-36,1312
8.865,R,23,524,240,-16,1328
8.865,R,23,563,312,-20,1268
8.893,R,23,604,304,-16,1312
8.893,BOOT,24,322,5,0.2.0
8.893,EVT,24,323,16,STATE_CHANGE,1,0
8.909,R,24,43,200,-40,1248
8.910,R,24,83,108,-24,1284
8.925,R,24,124,248,-80,1308
8.925,R,24,163,176,-76,1264
8.925,R,24,204,256,-8,1264
8.925,R,24,243,220,12,1204
8.940,R,24,284,184,-32,1308
8.957,R,24,323,160,-8,1296
8.957,R,24,364,188,-52,1308
8.957,R,24,403,192,-52,1280
8.957,R,24,444,224,-68,1276
8.957,R,24,483,196,-32,1280
8.957,R,24,524,176,-144,1264
8.990,R,24,563,224,-36,1232
8.990,R,24,604,240,-52,1276
8.990,BOOT,25,325,5,0.2.0
9.001,EVT,25,326,16,STATE_CHANGE,1,0
9.001,R,25,43,16,-32,1252
9.021,R,25,83,156,-32,1264
9.021,R,25,124,252,24,1308
9.033,R,25,163,256,176,1140
9.033,R,25,204,288,220,1176
9.033,R,25,243,260,96,1176
9.037,R,25,284,164,164,1148
9.037,R,25,323,52,224,1180
9.037,R,25,364,20,192,1232
9.053,R,25,403,-32,356,1164
9.053,R,25,444,116,176,1376
9.093,R,25,483,116,160,1276
9.093,R,25,524,224,252,1292
9.093,R,25,563,208,316,1176
9.093,R,25,604,228,208,1344
9.093,BOOT,26,328,5,0.2.0
9.122,EVT,26,329,16,STATE_CHANGE,1,0
9.122,R,26,43,696,-356,1188
9.122,R,26,83,568,-188,1208
9.122,R,26,124,576,-308,1200
9.122,R,26,163,576,-392,1416
9.149,R,26,204,600,-160,1284
9.149,R,26,243,480,-320,1324
9.149,R,26,284,460,-104,1148
9.149,R,26,323,288,-192,1168
9.149,R,26,364,292,-244,1112
9.181,R,26,403,160,-208,1020
9.181,R,26,444,32,-196,900
9.181,R,26,483,12,-196,896
9.181,R,26,524,-128,-188,796
9.181,R,26,563,-112,-140,716
9.217,R,26,604,-116,-256,888
9.217,BOOT,27,331,5,0.2.0
9.217,EVT,27,332,16,STATE_CHANGE,1,0
9.217,R,27,43,452,-64,856
9.217,R,27,83,116,192,1560
9.234,R,27,124,316,304,828
9.234,R,27,163,368,-120,1380
9.234,R,27,204,-64,184,1280
9.249,R,27,243,224,92,1340
9.249,R,27,284,196,188,1176
9.249,R,27,323,240,128,1280
9.280,R,27,364,220,160,1344
9.280,R,27,403,208,176,1280
9.280,R,27,444,208,132,1232
9.280,R,27,483,480,364,1216
9.280,R,27,524,640,236,1276
9.309,R,27,563,396,60,1308
9.311,R,27,604,20,188,1308
9.311,BOOT,28,334,5,0.2.0
9.311,EVT,28,335,16,STATE_CHANGE,1,0
9.311,R,28,43,220,112,1300
9.332,R,28,83,196,116,1336
9.332,R,28,124,256,124,1312
9.332,R,28,163,224,96,1372
9.344,R,28,204,208,192,1220
9.344,R,28,243,192,96,1356
9.373,R,28,284,216,188,1248
9.373,R,28,323,180,160,1312
9.373,R,28,364,504,160,1380
9.373,R,28,403,480,224,1380
9.373,R,28,444,528,180,1312
9.389,R,28,483,164,-8,1436
9.389,R,28,524,316,60,1184
9.389,R,28,563,124,32,1248
9.403,R,28,604,-96,64,1308
9.403,BOOT,29,337,5,0.2.0
9.406,EVT,29,338,16,STATE_CHANGE,1,0
9.430,R,29,43,208,144,1272
9.430,R,29,83,240,144,1296
9.430,R,29,124,176,132,1276
9.430,R,29,163,220,128,1260
9.430,R,29,204,268,112,1308
9.454,R,29,243,224,112,1356
9.454,R,29,284,164,176,1264
9.469,R,29,323,268,156,1252
9.469,R,29,364,460,288,1432
9.470,R,29,403,560,192,1264
9.486,R,29,444,416,228,1172
9.486,R,29,483,448,220,1252
9.500,R,29,524,224,316,1564
9.500,R,29,563,68,124,1276
9.500,R,29,604,112,-192,1476
9.521,BOOT,30,340,5,0.2.0
9.530,EVT,30,341,16,STATE_CHANGE,1,0
9.530,R,30,43,508,-128,1248
9.530,R,30,83,660,-124,1788
9.532,R,30,124,540,152,1560
9.549,R,30,163,612,-160,1488
9.549,R,30,204,396,-288,1804
9.549,R,30,243,288,236,972
9.549,R,30,284,544,-64,1004
9.549,R,30,323,588,-68,1648
9.565,R,30,364,260,112,768
9.565,R,30,403,448,28,844
9.565,R,30,444,332,96,972
9.581,R,30,483,284,96,1224
9.581,R,30,524,368,156,1088
9.581,R,30,563,588,-308,1648
9.613,R,30,604,268,-416,1816
9.613,BOOT,31,343,5,0.2.0
9.613,EVT,31,344,16,STATE_CHANGE,1,0
9.613,R,31,43,160,-76,1516
9.613,R,31,83,0,92,1380
9.645,R,31,124,12,16,1368
9.645,R,31,163,196,100,1228
9.645,R,31,204,24,100,1204
9.645,R,31,243,16,144,1292
9.645,R,31,284,208,188,1280
9.677,R,31,323,-100,192,1376
9.677,R,31,364,112,124,1276
9.677,R,31,403,200,152,1292
9.677,R,31,444,256,156,1292
9.677,R,31,483,192,124,1304
9.709,R,31,524,192,152,1312
9.709,R,31,563,208,156,1264
9.709,R,31,604,184,160,1280
9.709,BOOT,32,346,5,0.2.0
9.709,EVT,32,347,16,STATE_CHANGE,1,0
9.742,R,32,43,216,160,1252
9.742,R,32,83,56,152,1276
9.742,R,32,124,160,100,1432
9.742,R,32,163,224,-16,1436
9.742,R,32,204,96,120,1292
9.764,R,32,243,-80,128,1356
9.764,R,32,284,-32,152,1164
9.764,R,32,323,-192,112,1248
9.767,R,32,364,72,220,1264
9.767,R,32,403,-64,120,1144
9.767,R,32,444,-28,-36,1080
9.810,R,32,483,-64,204,1072
9.810,R,32,524,152,-4,1408
9.810,R,32,563,124,-64,1712
9.810,R,32,604,80,140,764
9.812,BOOT,33,349,5,0.2.0
9.833,EVT,33,350,16,STATE_CHANGE,1,0
9.833,R,33,43,492,-392,1852
9.833,R,33,83,28,-80,904
9.833,R,33,124,192,-32,1200
9.833,R,33,163,64,-52,1424
9.863,R,33,204,736,64,1292
9.863,R,33,243,460,128,1420
9.863,R,33,284,480,128,1068
9.863,R,33,323,924,0,1632
9.863,R,33,364,352,-76,1312
9.895,R,33,403,324,128,676
9.895,R,33,444,716,-52,1148
9.895,R,33,483,316,-104,1248
9.895,R,33,524,804,-64,1504
9.895,R,33,563,288,-196,1456
9.895,R,33,604,408,-52,1120
9.919,BOOT,34,352,5,0.2.0
9.919,EVT,34,353,16,STATE_CHANGE,1,0
9.931,R,34,43,-8,96,1316
9.931,R,34,83,168,12,1516
9.931,R,34,124,320,188,1272
9.958,R,34,163,348,268,1060
9.958,R,34,204,796,152,1616
9.958,R,34,243,656,204,1248
9.958,R,34,284,156,248,1136
9.958,R,34,323,120,32,1456
9.990,R,34,364,-128,124,1344
9.990,R,34,403,-60,60,1856
9.990,R,34,444,0,172,896
9.990,R,34,483,332,128,1196
9.990,R,34,524,284,32,1248
10.022,R,34,563,152,356,1632
10.022,R,34,604,-224,32,1328
10.022,BOOT,35,355,5,0.2.0
10.022,EVT,35,356,16,STATE_CHANGE,1,0
10.022,R,35,43,-32,-92,1784
10.054,R,35,83,124,196,1240
10.054,R,35,124,224,324,1476
10.054,R,35,163,32,384,876
10.054,R,35,204,-32,192,988
10.061,R,35,243,80,0,1892
10.061,R,35,284,156,144,1052
10.086,R,35,323,348,96,1120
10.086,R,35,364,112,388,792
10.086,R,35,403,60,56,1048
10.086,R,35,444,12,100,772
10.092,R,35,483,128,32,1340
10.102,R,35,524,100,144,992
10.102,R,35,563,64,52,1392
10.102,R,35,604,224,-144,1776
10.122,BOOT,36,358,7,0.2.0
10.122,EVT,36,359,16,STATE_CHANGE,1,0
10.150,R,36,43,208,-140,1604
10.150,R,36,83,-20,-288,1732
10.150,R,36,124,76,-288,1120
10.150,R,36,163,176,4,1272
10.150,R,36,204,160,-160,1188
10.150,R,36,243,248,-144,1080
10.182,R,36,284,236,-96,1376
10.182,R,36,323,28,96,1120
10.182,R,36,364,-100,-272,1360
10.182,R,36,403,108,-240,1088
10.182,R,36,444,48,-192,1216
10.213,R,36,483,-128,204,1456
10.213,R,36,524,96,76,1308
10.213,R,36,563,12,228,1440
10.213,R,36,604,48,192,1272
10.213,BOOT,37,361,5,0.2.0
10.245,EVT,37,362,16,STATE_CHANGE,1,0
10.245,R,37,43,208,144,1300
10.247,R,37,83,252,156,1288
10.247,R,37,124,164,96,1360
10.247,R,37,163,156,160,1236
10.278,R,37,204,124,112,1296
10.279,R,37,243,204,144,1344
10.279,R,37,284,140,96,1292
10.279,R,37,323,160,116,1280
10.279,R,37,364,244,120,1312
10.293,R,37,403,196,76,1328
10.293,R,37,444,192,152,1308
10.295,R,37,483,196,144,1312
10.300,R,37,524,224,100,1340
10.300,R,37,563,216,124,1308
10.300,R,37,604,176,140,1292
10.332,BOOT,38,364,5,0.2.0
10.332,EVT,38,365,16,STATE_CHANGE,1,0
10.332,R,38,43,208,140,1276
10.332,R,38,83,156,152,1360
10.332,R,38,124,244,96,1272
10.364,R,38,163,200,96,1316
10.364,R,38,204,188,152,1248
10.364,R,38,243,220,112,1280
10.364,R,38,284,352,160,1280
10.364,R,38,323,224,164,1240
10.396,R,38,364,244,112,1276
10.396,R,38,403,164,204,1208
10.396,R,38,444,396,176,1232
10.396,R,38,483,56,128,1136
10.396,R,38,524,124,160,1372
10.432,R,38,563,-12,48,1228
10.432,R,38,604,176,148,1276
10.432,BOOT,39,367,5,0.2.0
10.432,EVT,39,368,16,STATE_CHANGE,1,0
10.432,R,39,43,196,124,1308
10.445,R,39,83,164,140,1264
10.445,R,39,124,160,144,1264
10.445,R,39,163,204,120,1308
10.461,R,39,204,216,156,1260
10.461,R,39,243,184,124,1264
10.493,R,39,284,188,152,1268
10.493,R,39,323,208,124,1324
10.493,R,39,364,164,124,1328
10.493,R,39,403,196,124,1376
10.493,R,39,444,204,160,1276
10.493,R,39,483,224,132,1292
10.525,R,39,524,192,132,1296
10.525,R,39,563,200,160,1264
10.525,R,39,604,224,120,1292
10.529,BOOT,40,370,5,0.2.0
10.557,EVT,40,371,16,STATE_CHANGE,1,0
10.557,R,40,43,76,768,1156
10.557,R,40,83,72,812,1636
10.557,R,40,124,96,668,768
10.560,R,40,163,376,540,1180
10.560,R,40,204,624,404,984
10.589,R,40,243,828,332,1328
10.589,R,40,284,764,320,1420
10.589,R,40,323,580,244,1236
10.589,R,40,364,492,312,1408
10.589,R,40,403,508,376,1036
10.605,R,40,444,704,396,1028
10.621,R,40,483,768,364,1632
10.621,R,40,524,632,92,1248
10.621,R,40,563,572,152,1120
10.621,R,40,604,480,312,1212
10.633,BOOT,41,373,5,0.2.0
10.637,EVT,41,374,16,STATE_CHANGE,1,0
10.637,R,41,43,-32,564,1148
10.653,R,41,83,100,488,1040
10.653,R,41,124,12,380,1408
10.669,R,41,163,368,384,1564
10.669,R,41,204,64,284,1084
10.684,R,41,243,252,432,1336
10.684,R,41,284,-28,352,880
10.684,R,41,323,240,428,1456
10.684,R,41,364,224,284,1404
10.700,R,41,403,12,396,1292
10.700,R,41,444,-36,412,1120
10.716,R,41,483,284,432,1656
10.716,R,41,524,160,468,1424
10.716,R,41,563,208,572,1080
10.733,R,41,604,92,504,960
10.733,BOOT,42,376,5,0.2.0
10.733,EVT,42,377,16,STATE_CHANGE,1,0
10.733,R,42,43,-16,704,1228
10.747,R,42,83,-56,616,1020
10.764,R,42,124,4,452,1568
10.764,R,42,163,224,432,1492
10.764,R,42,204,44,304,1816
10.764,R,42,243,-28,632,1216
10.764,R,42,284,120,280,1180
10.808,R,42,323,64,388,1336
10.808,R,42,364,-116,452,1692
10.808,R,42,403,-56,640,1120
10.808,R,42,444,96,496,780
10.808,R,42,483,-64,556,1456
10.809,R,42,524,112,516,1376
10.818,R,42,563,92,720,1340
10.818,R,42,604,160,472,1052
10.833,BOOT,43,379,5,0.2.0
10.833,EVT,43,380,16,STATE_CHANGE,1,0
10.833,R,43,43,-100,368,1376
10.865,R,43,83,56,584,1564
10.865,R,43,124,-64,320,860
10.865,R,43,163,216,504,1632
10.872,R,43,204,-80,588,1248
10.872,R,43,243,-36,400,928
10.898,R,43,284,100,544,1248
10.898,R,43,323,-48,512,1072
10.898,R,43,364,-124,348,1020
10.898,R,43,403,112,496,1296
10.903,R,43,444,-16,460,1052
10.930,R,43,483,0,472,1260
10.930,R,43,524,192,568,1180
10.930,R,43,563,-16,448,1040
10.934,R,43,604,16,352,1016
10.934,BOOT,44,382,5,0.2.0
10.962,EVT,44,383,16,STATE_CHANGE,1,0
10.962,R,44,43,32,612,1660
10.962,R,44,83,120,504,940
10.962,R,44,124,12,304,1152
10.962,R,44,163,220,384,1452
10.962,R,44,204,-36,120,1376
10.978,R,44,243,60,480,1276
10.978,R,44,284,32,560,960
10.994,R,44,323,192,580,1248
10.994,R,44,364,28,608,1020
10.994,R,44,403,32,352,1476
11.026,R,44,444,-16,460,1460
11.026,R,44,483,96,572,848
11.026,R,44,524,88,192,1360
11.026,R,44,563,152,412,1308
11.026,R,44,604,-160,156,1200
11.043,BOOT,45,385,5,0.2.0
11.043,EVT,45,386,16,STATE_CHANGE,1,0
11.043,R,45,43,300,332,2012
11.043,R,45,83,528,284,1336
11.059,R,45,124,60,412,1344
11.076,R,45,163,332,268,1100
11.076,R,45,204,276,288,1248
11.076,R,45,243,208,448,1016
11.090,R,45,284,224,560,1152
11.090,R,45,323,76,400,1180
11.090,R,45,364,92,252,1292
11.106,R,45,403,64,64,1308
11.106,R,45,444,-64,388,1228
11.106,R,45,483,8,428,1072
11.106,R,45,524,32,368,1200
11.106,R,45,563,308,176,1196
11.138,R,45,604,432,224,1344
11.138,BOOT,46,388,5,0.2.0
11.152,EVT,46,389,16,STATE_CHANGE,1,0
11.152,R,46,43,160,704,896
11.152,R,46,83,196,740,1264
11.155,R,46,124,448,500,1144
11.155,R,46,163,484,32,1136
11.168,R,46,204,604,192,884
11.171,R,46,243,380,224,992
11.171,R,46,284,500,188,1008
11.203,R,46,323,412,-80,1440
11.203,R,46,364,300,-224,1248
11.203,R,46,403,400,-292,1048
11.203,R,46,444,496,-104,1276
11.203,R,46,483,496,-424,1212
11.234,R,46,524,356,192,1396
11.234,R,46,563,264,-104,956
11.234,R,46,604,356,112,1184
11.234,BOOT,47,391,5,0.2.0
11.246,EVT,47,392,16,STATE_CHANGE,1,0
11.265,R,47,43,56,-28,1276
11.265,R,47,83,96,168,1360
11.265,R,47,124,176,188,1180
11.277,R,47,163,176,112,1408
11.277,R,47,204,-8,140,1244
11.277,R,47,243,108,192,1292
11.297,R,47,284,268,112,1296
11.297,R,47,323,60,140,1148
11.307,R,47,364,236,128,1264
11.307,R,47,403,192,172,1340
11.307,R,47,444,216,152,1280
11.337,R,47,483,192,148,1308
11.337,R,47,524,160,156,1312
11.338,R,47,563,204,124,1340
11.338,R,47,604,224,140,1296
11.338,BOOT,48,394,5,0.2.0
11.352,EVT,48,395,16,STATE_CHANGE,1,0
11.352,R,48,43,-308,456,1728
11.352,R,48,83,84,748,1200
11.366,R,48,124,-16,396,1544
11.366,R,48,163,-64,396,1372
11.398,R,48,204,152,344,1440
11.398,R,48,243,124,288,1128
11.398,R,48,284,92,664,1264
11.398,R,48,323,160,664,1276
11.398,R,48,364,188,560,1120
11.431,R,48,403,-28,528,1008
11.431,R,48,444,224,448,1328
11.431,R,48,483,704,448,1368
11.431,R,48,524,604,352,1436
11.431,R,48,563,536,496,1268
11.431,R,48,604,576,364,1172
11.447,BOOT,49,397,5,0.2.0
11.447,EVT,49,398,16,STATE_CHANGE,1,0
11.462,R,49,43,224,124,1320
11.462,R,49,83,212,128,1284
11.462,R,49,124,188,192,1276
11.494,R,49,163,204,48,1352
11.494,R,49,204,228,60,1312
11.494,R,49,243,188,128,1332
11.494,R,49,284,188,96,1336
11.494,R,49,323,224,128,1284
11.525,R,49,364,192,124,1356
11.525,R,49,403,188,144,1292
11.525,R,49,444,192,128,1300
11.525,R,49,483,176,160,1280
11.525,R,49,524,224,132,1304
11.525,R,49,563,192,96,1304
11.557,R,49,604,128,140,1332
11.557,BOOT,50,400,5,0.2.0
11.557,EVT,50,401,16,STATE_CHANGE,1,0
11.557,R,50,43,776,88,1596
11.561,R,50,83,756,-92,1276
11.573,R,50,124,736,-44,1248
11.573,R,50,163,572,164,996
11.573,R,50,204,908,192,1404
11.605,R,50,243,512,124,1248
11.605,R,50,284,568,432,1408
11.605,R,50,323,240,460,1232
11.605,R,50,364,452,508,1136
11.605,R,50,403,332,608,1280
11.636,R,50,444,284,656,1164
11.636,R,50,483,572,32,1472
11.636,R,50,524,480,-84,1276
11.637,R,50,563,56,48,1392
11.637,R,50,604,-64,60,1248
11.653,BOOT,51,403,5,0.2.0
11.669,EVT,51,404,16,STATE_CHANGE,1,0
11.669,R,51,43,316,-72,944
11.669,R,51,83,412,-140,1336
11.671,R,51,124,352,-444,1360
11.671,R,51,163,448,76,1008
11.671,R,51,204,316,0,1280
11.685,R,51,243,352,-404,1328
11.688,R,51,284,696,-52,1356
11.701,R,51,323,608,156,1244
11.731,R,51,364,272,64,1436
11.731,R,51,403,540,-544,1560
11.731,R,51,444,544,-452,1260
11.732,R,51,483,624,12,1376
11.732,R,51,524,356,12,1036
11.732,R,51,563,316,-252,1088
11.748,R,51,604,88,-372,1548
11.748,BOOT,52,406,5,0.2.0
11.748,EVT,52,407,16,STATE_CHANGE,1,0
11.764,R,52,43,12,-164,1332
11.780,R,52,83,-76,-404,1240
11.780,R,52,124,188,-180,964
11.780,R,52,163,316,-104,1292
11.780,R,52,204,396,156,1048
11.780,R,52,243,672,312,1612
11.780,R,52,284,388,188,1164
11.796,R,52,323,268,352,1096
11.796,R,52,364,868,440,1856
11.812,R,52,403,320,600,1520
11.812,R,52,444,-132,352,1120
11.812,R,52,483,-128,396,1148
11.844,R,52,524,-288,188,1312
11.844,R,52,563,-104,508,1420
11.844,R,52,604,-40,492,1264
11.844,BOOT,53,409,5,0.2.0
11.844,EVT,53,410,16,STATE_CHANGE,1,0
11.884,R,53,43,184,164,1292
11.884,R,53,83,224,72,1324
11.884,R,53,124,160,160,1304
11.884,R,53,163,164,96,1312
11.884,R,53,204,144,128,1328
11.900,R,53,243,196,120,1344
11.900,R,53,284,164,152,1336
11.900,R,53,323,160,120,1336
11.916,R,53,364,176,156,1312
11.916,R,53,403,176,124,1296
11.948,R,53,444,164,152,1272
11.948,R,53,483,164,160,1308
11.948,R,53,524,188,136,1304
11.948,R,53,563,160,124,1292
11.948,R,53,604,188,160,1328
11.948,BOOT,54,412,5,0.2.0
11.980,EVT,54,413,16,STATE_CHANGE,1,0
11.980,R,54,43,184,148,1292
11.980,R,54,83,188,140,1292
11.980,R,54,124,192,96,1372
11.980,R,54,163,164,128,1324
12.012,R,54,204,144,132,1276
12.012,R,54,243,216,160,1264
12.012,R,54,284,164,152,1240
12.012,R,54,323,176,156,1216
12.012,R,54,364,156,152,1280
12.044,R,54,403,196,184,1280
12.044,R,54,444,144,128,1312
12.044,R,54,483,176,156,1344
12.044,R,54,524,164,204,1304
12.046,R,54,563,216,128,1312
12.060,R,54,604,192,108,1312
12.060,BOOT,55,415,5,0.2.0
12.060,EVT,55,416,16,STATE_CHANGE,1,0
12.060,R,55,43,44,228,1216
12.060,R,55,83,188,144,1420
12.092,R,55,124,204,160,1340
12.092,R,55,163,192,316,1248
12.092,R,55,204,140,240,1400
12.092,R,55,243,128,204,1304
12.092,R,55,284,156,192,1340
12.136,R,55,323,304,224,1488
12.136,R,55,364,96,256,1196
12.136,R,55,403,156,304,1304
12.136,R,55,444,204,216,1324
12.136,R,55,483,316,224,1228
12.157,R,55,524,400,148,1532
12.157,R,55,563,544,192,1328
12.157,R,55,604,156,344,1248
12.157,BOOT,56,418,2,0.2.0
12.157,EVT,56,419,16,STATE_CHANGE,1,0
12.189,R,56,43,732,-144,560
12.189,R,56,83,728,-256,524
12.189,R,56,124,764,-192,480
12.189,R,56,163,604,-192,460
12.189,R,56,204,1408,472,572
12.220,R,56,243,592,140,480
12.220,R,56,284,336,-200,244
12.220,R,56,323,1204,-380,668
12.220,R,56,364,748,-320,316
12.220,R,56,403,636,-256,604
12.231,R,56,444,780,-464,604
12.252,R,56,483,752,-544,224
12.252,R,56,524,940,-644,664
12.252,R,56,563,944,-480,-136
12.252,R,56,604,920,-580,400
12.284,EVT,56,421,1001,SENSOR_FAULT,2,0
12.284,SMP,56,422,1001,1,0,588,-16,860,0,496,8188,0,3870,5979,185
12.292,R,56,643,684,-776,336
12.292,R,56,684,996,-1040,704
12.317,R,56,724,772,-1060,824
12.317,R,56,763,1200,-1088,708
12.317,R,56,804,800,-900,736
12.324,R,56,843,1104,-656,960
12.324,R,56,884,568,-800,1092
12.338,R,56,923,744,-444,864
12.338,R,56,964,436,-452,976
12.347,R,56,1003,480,-48,880
12.347,R,56,1044,536,20,1164
12.347,R,56,1089,624,-124,1244
12.380,R,56,1124,576,-144,820
12.380,R,56,1163,792,-28,824
12.380,R,56,1204,820,144,940
12.380,R,56,1243,452,380,1664
12.380,R,56,1284,240,352,1340
12.416,R,56,1323,560,252,1260
12.417,R,56,1363,400,116,1356
12.417,R,56,1404,560,204,1240
12.417,R,56,1443,704,252,1004
12.417,R,56,1484,480,516,1328
12.438,R,56,1523,576,192,1180
12.448,R,56,1564,568,208,1140
12.448,R,56,1603,396,244,1212
12.448,R,56,1644,696,272,1100
12.448,R,56,1683,560,280,1036
12.464,R,56,1724,864,388,1016
12.464,R,56,1763,48,128,1092
12.480,R,56,1804,1152,-4,1364
12.496,SMP,56,425,2002,1,0,684,-180,992,173,496,8188,0,3870,5979,185
12.496,R,56,1843,432,204,1020
12.496,R,56,1884,412,256,1340
12.496,R,56,1923,344,-356,1528
12.512,R,56,1964,556,-104,1152
12.512,R,56,2004,684,-180,992
12.512,R,56,2043,508,184,1244
12.512,R,56,2091,572,-80,1164
12.539,R,56,2123,504,176,992
12.539,R,56,2164,588,240,1132
12.560,R,56,2203,508,116,1328
12.560,R,56,2244,480,84,1244
12.560,R,56,2283,452,140,1316
12.560,R,56,2324,412,76,1276
12.560,R,56,2363,432,112,1176
12.592,R,56,2404,384,268,1228
12.592,R,56,2443,288,268,1212
12.592,R,56,2484,204,196,1436
12.592,R,56,2523,192,284,1476
12.592,R,56,2564,216,284,1144
12.624,R,56,2603,120,196,1520
12.624,R,56,2643,116,316,1432
12.624,R,56,2684,48,276,1440
12.624,R,56,2723,-4,384,1340
12.624,R,56,2764,-64,452,1160
12.657,R,56,2803,-96,396,1084
12.657,R,56,2844,-28,396,1228
12.657,R,56,2883,-96,268,1344
12.657,R,56,2924,-96,228,1408
12.657,R,56,2963,76,460,1420
12.689,R,56,3004,64,508,1408
12.698,SMP,56,428,3002,1,0,64,508,1408,446,499,8188,0,3870,5979,153
12.698,R,56,3043,-44,396,1288
12.698,R,56,3090,36,332,1144
12.705,R,56,3123,64,316,1200
12.705,R,56,3164,192,384,1148
12.721,R,56,3203,224,444,1116
12.721,R,56,3244,92,252,1120
12.721,R,56,3284,64,204,1056
12.753,R,56,3323,72,128,1148
12.753,R,56,3364,100,-20,1356
12.753,R,56,3403,96,124,1264
12.753,R,56,3444,212,196,1548
12.753,R,56,3483,64,140,1552
12.785,R,56,3524,252,288,1596
12.785,R,56,3563,272,228,1564
12.785,R,56,3604,224,112,1296
12.817,SMP,56,430,4003,1,0,448,-208,1580,591,496,8188,0,3870,5979,153
12.817,R,56,3643,248,244,1008
12.817,R,56,3684,364,212,1148
12.817,R,56,3723,256,184,1272
12.817,R,56,3764,448,316,1392
12.849,R,56,3803,420,268,1356
12.849,R,56,3844,452,352,1392
12.849,R,56,3883,476,284,1596
12.849,R,56,3923,416,-68,1456
12.849,R,56,3964,624,132,1328
12.865,R,56,4003,448,-208,1580
12.865,R,56,4044,456,-368,1204
12.865,R,56,4091,556,-240,1036
12.881,R,56,4124,524,-180,1008
12.881,R,56,4163,516,-212,1224
12.915,R,56,4204,612,16,1052
12.915,R,56,4243,628,96,1036
12.915,R,56,4284,612,60,1080
12.915,R,56,4323,608,-28,1180
12.915,R,56,4364,664,-48,1196
12.945,R,56,4403,608,-60,1248
12.946,R,56,4444,576,-4,1340
12.946,R,56,4483,484,-64,1372
12.946,R,56,4524,496,-20,1216
12.946,R,56,4564,560,-32,1136
12.965,R,56,4603,540,-36,1116
12.965,R,56,4644,568,-28,1084
12.965,R,56,4683,560,-116,1164
12.979,R,56,4724,560,-144,1164
12.979,R,56,4763,532,-168,1100
12.997,R,56,4804,476,-188,1272
12.997,SMP,56,433,5003,1,0,416,-52,1264,263,499,8188,0,3870,5979,153
12.997,R,56,4843,556,-240,1208
13.031,R,56,4884,560,-156,1144
13.031,R,56,4923,480,-176,1276
13.031,R,56,4964,460,-100,1272
13.031,R,56,5003,416,-52,1264
13.031,R,56,5044,428,-56,1340
13.052,R,56,5091,440,-124,1336
13.052,R,56,5124,432,-84,1264
13.052,R,56,5163,428,-92,1248
13.066,R,56,5203,368,-116,1228
13.066,R,56,5244,336,-156,1400
13.100,R,56,5283,304,-124,1244
13.100,R,56,5324,256,-100,1248
13.100,R,56,5363,240,-180,1276
13.100,R,56,5404,268,-144,1260
13.100,R,56,5443,324,-200,1308
13.132,R,56,5484,256,-156,1180
13.132,R,56,5523,256,-128,1292
13.133,R,56,5564,336,-52,1232
13.133,R,56,5603,384,48,1180
13.133,R,56,5644,484,192,1164
13.163,R,56,5683,568,236,1148
13.163,R,56,5724,496,356,1420
13.163,R,56,5763,576,408,1336
13.163,R,56,5804,560,332,1292
13.163,R,56,5844,612,428,1184
13.193,R,56,5883,692,464,1212
13.193,R,56,5924,664,340,1184
13.193,R,56,5963,588,336,1052
13.193,R,56,6004,548,344,1136
13.226,SMP,56,436,6004,1,0,548,344,1136,235,504,8188,0,3870,5979,153
13.226,R,56,6043,696,320,1068
13.226,R,56,6094,676,192,1128
13.226,R,56,6123,800,284,1100
13.237,R,56,6164,720,292,1148
13.237,R,56,6203,676,176,1084
13.237,R,56,6244,656,240,1236
13.248,R,56,6283,448,224,1356
13.248,R,56,6324,472,388,1308
13.280,R,56,6363,544,348,1296
13.280,R,56,6404,352,572,1184
13.280,R,56,6443,480,24,1244
13.280,R,56,6483,452,108,1248
13.280,R,56,6524,560,12,1120
13.312,R,56,6563,468,-144,1144
13.312,R,56,6604,496,-40,1228
13.320,SMP,56,438,7004,1,0,396,60,1228,215,500,8188,0,3870,5979,153
13.320,R,56,6643,560,-4,1216
13.349,R,56,6684,576,192,1180
13.349,R,56,6723,576,116,988
13.349,R,56,6764,480,92,1596
13.349,R,56,6803,640,60,1212
13.349,R,56,6844,352,60,1276
13.375,R,56,6883,352,76,1184
13.375,R,56,6924,432,60,1248
13.375,R,56,6963,384,100,1168
13.375,R,56,7004,396,60,1228
13.375,R,56,7043,444,72,1264
13.391,R,56,7092,440,12,1408
13.391,R,56,7124,432,-16,1328
13.391,R,56,7163,432,60,1276
13.407,R,56,7204,568,32,1164
13.407,R,56,7243,556,52,1232
13.439,R,56,7284,572,-4,1216
13.439,R,56,7323,560,-100,1276
13.446,R,56,7364,536,-32,1180
13.446,R,56,7403,548,0,1216
13.446,R,56,7444,528,-32,1248
13.476,R,56,7483,524,-72,1212
13.476,R,56,7524,536,28,1200
13.477,R,56,7563,536,-12,1264
13.477,R,56,7604,492,-60,1244
13.478,R,56,7643,512,-4,1248
13.499,R,56,7684,452,8,1276
13.499,R,56,7723,396,-72,1220
13.499,R,56,7763,448,-84,1276
13.508,R,56,7804,460,-104,1196
13.531,SMP,56,441,8005,1,0,480,-52,1216,231,499,8188,0,3870,5979,153
13.531,R,56,7843,464,-144,1272
13.540,R,56,7884,480,-92,1212
13.540,R,56,7923,476,-124,1212
13.541,R,56,7964,452,-68,1216
13.546,R,56,8003,480,-52,1216
13.546,R,56,8044,468,-92,1224
13.563,R,56,8093,448,-160,1284
13.563,R,56,8124,452,-196,1248
13.563,R,56,8163,388,-100,1292
13.601,R,56,8204,384,-52,1312
13.602,R,56,8243,448,4,1164
13.602,R,56,8284,496,-64,1120
13.602,R,56,8323,464,-104,1180
13.602,R,56,8364,396,-80,1276
13.619,R,56,8404,396,-112,1308
13.634,R,56,8443,412,-112,1344
13.634,R,56,8484,396,-64,1248
13.634,R,56,8523,408,-20,1268
13.653,R,56,8564,448,-28,1176
13.653,R,56,8603,432,-20,1272
13.653,R,56,8644,408,-4,1292
13.653,R,56,8683,384,44,1240
13.653,R,56,8724,440,12,1276
13.667,R,56,8763,464,252,1272
13.686,R,56,8804,544,396,1248
13.686,R,56,8843,428,52,1308
13.686,R,56,8884,448,116,1212
13.686,R,56,8923,416,72,1260
13.686,R,56,8964,408,96,1404
13.718,R,56,9003,416,92,1248
13.718,SMP,56,444,9007,1,0,416,92,1248,235,503,8188,0,3870,5979,153
13.718,R,56,9043,316,0,1308
13.734,R,56,9095,440,172,1268
13.734,R,56,9123,460,96,1344
13.734,R,56,9164,480,-12,1308
13.750,R,56,9203,448,-16,1292
13.750,R,56,9244,480,-28,1180
13.784,R,56,9283,496,-64,1184
13.784,R,56,9324,448,-112,1176
13.784,R,56,9363,368,-100,1276
13.784,R,56,9404,376,-144,1308
13.784,R,56,9443,268,-136,1248
13.818,R,56,9484,224,-196,1312
13.818,R,56,9523,268,-108,1248
13.818,R,56,9564,356,-132,1264
13.818,R,56,9603,396,108,1216
13.850,SMP,56,446,10008,1,0,132,396,1304,283,504,8188,0,3870,5979,153
13.851,R,56,9644,396,100,1316
13.851,R,56,9684,384,152,1288
13.851,R,56,9723,384,132,1224
13.867,R,56,9764,328,156,1340
13.867,R,56,9803,352,316,1696
13.867,R,56,9844,408,140,1120
13.883,R,56,9883,192,236,1252
13.883,R,56,9924,412,348,1224
13.900,R,56,9963,68,96,1340
13.900,R,56,10004,120,316,1240
13.900,R,56,10043,8,708,1484
13.900,R,56,10096,44,372,1096
13.900,R,56,10123,96,416,1160
13.933,R,56,10164,48,388,1056
13.933,R,56,10203,-160,416,1220
13.933,R,56,10244,64,792,1176
13.933,R,56,10283,-104,260,1184
13.944,R,56,10323,-192,380,1076
13.967,R,56,10364,-320,844,1212
13.967,R,56,10403,304,516,1052
13.967,R,56,10444,24,792,1196
13.967,R,56,10483,76,644,1148
13.967,R,56,10524,224,736,1212
13.985,R,56,10563,196,400,1084
13.985,R,56,10604,176,540,1188
14.001,R,56,10643,132,392,1248
14.001,R,56,10684,64,444,1252
14.001,R,56,10723,120,392,1344
14.034,R,56,10764,-312,1792,2364
14.034,R,56,10803,196,80,976
14.034,SMP,56,449,11008,1,0,128,192,1420,345,502,8188,0,3870,5979,185
14.067,R,56,10844,288,36,1500
14.069,R,56,10883,116,160,1372
14.069,R,56,10924,196,124,1392
14.069,R,56,10964,192,144,1336
14.069,R,56,11003,128,192,1420
14.085,R,56,11044,144,100,1320
14.085,R,56,11096,144,192,1300
14.085,R,56,11124,160,140,1336
14.085,R,56,11163,160,156,1292
14.117,R,56,11204,160,160,1296
14.117,R,56,11243,152,160,1308
14.117,R,56,11284,160,156,1324
14.117,R,56,11323,192,160,1308
14.117,R,56,11364,176,176,1292
14.151,R,56,11403,160,172,1304
14.151,R,56,11444,176,164,1296
14.151,R,56,11483,176,156,1316
14.151,R,56,11524,160,164,1336
14.151,R,56,11563,192,160,1304
14.168,R,56,11603,180,192,1276
14.168,R,56,11644,156,188,1324
14.185,R,56,11683,-208,-380,1336
14.185,R,56,11724,160,320,1284
14.185,R,56,11763,200,156,1328
14.217,R,56,11804,96,176,1356
14.217,R,56,11843,236,544,1420
14.217,R,56,11884,208,572,1140
14.217,R,56,11923,192,672,1136
14.217,R,56,11964,324,416,1336
14.249,R,56,12003,192,876,828
14.249,SMP,56,452,12009,1,0,192,876,828,127,503,8188,0,3870,5979,153
14.249,R,56,12044,304,1212,1180
14.284,R,56,12097,164,824,1152
14.284,R,56,12124,120,620,1056
14.284,R,56,12163,56,1036,1184
14.284,R,56,12204,216,796,972
14.284,R,56,12244,32,696,1136
14.318,R,56,12283,-136,736,1196
14.318,R,56,12324,-392,496,1112
14.318,R,56,12363,-116,516,1136
14.318,R,56,12404,-384,400,1196
14.332,R,56,12443,-256,284,1116
14.333,R,56,12484,-272,436,1052
14.333,R,56,12523,-288,432,1076
14.349,R,56,12564,-228,288,996
14.349,R,56,12603,-160,300,1200
14.368,SMP,56,454,13010,1,0,-244,420,1112,117,502,8188,0,3870,5979,185
14.368,R,56,12644,-448,344,1228
14.368,R,56,12683,-448,204,1044
14.404,R,56,12724,-320,192,1212
14.404,R,56,12763,-272,152,1148
14.404,R,56,12804,-304,364,1188
14.404,R,56,12843,-144,220,1224
14.404,R,56,12883,-264,352,1260
14.443,R,56,12924,-224,100,1216
14.443,R,56,12963,-244,292,1176
14.444,R,56,13004,-248,332,1180
14.444,R,56,13043,-180,584,1072
14.466,R,56,13101,-280,756,1112
14.466,R,56,13123,-144,696,1056
14.466,R,56,13164,-48,816,1232
14.475,R,56,13203,16,772,1148
14.475,R,56,13244,-16,824,1116
14.498,R,56,13283,-52,828,1036
14.498,R,56,13324,-104,884,1020
14.498,R,56,13363,-60,960,1020
14.506,R,56,13404,-64,920,1100
14.506,R,56,13443,-8,832,1148
14.520,R,56,13484,-80,780,1084
14.520,R,56,13524,-68,736,1136
14.533,R,56,13563,-68,712,1080
14.533,R,56,13604,-96,784,1060
14.533,R,56,13643,-32,700,1088
14.563,R,56,13684,28,988,1124
14.568,R,56,13723,-144,780,1200
14.568,R,56,13764,-80,416,728
14.568,R,56,13803,-156,736,1340
14.595,SMP,56,457,14010,1,0,-104,700,1088,197,503,8188,0,3870,5979,153
14.600,R,56,13844,-228,816,1436
14.600,R,56,13883,-176,512,1080
14.627,R,56,13924,-208,668,1216
14.627,R,56,13963,-132,608,1228
14.630,R,56,14004,-104,700,1088
14.630,R,56,14043,-208,692,1224
14.630,R,56,14100,-116,704,1132
14.660,R,56,14123,-124,776,1088
14.660,R,56,14163,-116,736,1088
14.660,R,56,14204,-160,720,1068
14.660,R,56,14243,-36,756,1180
14.660,R,56,14284,-40,800,1136
14.691,R,56,14323,-92,672,1080
14.691,R,56,14364,-160,892,1100
14.691,R,56,14403,48,796,1052
14.691,R,56,14444,28,888,1020
14.691,R,56,14483,-32,900,1016
14.718,R,56,14524,-32,952,1008
14.718,R,56,14563,-16,940,1072
14.723,R,56,14604,-8,908,996
14.723,R,56,14643,12,888,1024
14.750,R,56,14684,32,1004,888
14.750,R,56,14723,12,952,948
14.750,R,56,14764,20,1008,920
14.750,R,56,14804,8,1068,828
14.750,R,56,14843,28,1020,864
14.754,R,56,14884,4,988,864
14.756,R,56,14923,60,1028,800
14.756,R,56,14964,0,1024,892
14.785,R,56,15003,60,1056,892
14.813,SMP,56,460,15011,1,0,28,980,864,202,506,8188,0,3870,5979,153
14.813,R,56,15044,156,1124,1020
14.813,R,56,15099,76,1140,796
14.813,R,56,15124,124,1036,1168
14.813,R,56,15163,64,1100,880
14.836,R,56,15204,96,992,964
14.836,R,56,15243,24,1056,956
14.836,R,56,15284,32,1028,984
14.848,R,56,15323,36,1040,992
14.850,R,56,15364,140,992,836
14.852,R,56,15403,-4,1176,780
14.852,R,56,15443,-28,1036,816
14.868,R,56,15484,-28,1176,768
14.868,R,56,15523,28,1164,752
14.868,R,56,15564,-16,1144,668
14.900,R,56,15603,68,1084,704
14.912,SMP,56,462,16011,1,0,-4,1112,704,210,504,8188,0,3870,5979,153
14.912,R,56,15644,24,1120,640
14.934,R,56,15683,60,1216,640
14.934,R,56,15724,-36,1200,640
14.943,R,56,15763,36,1144,664
14.943,R,56,15804,48,1132,636
14.943,R,56,15843,-64,1184,624
14.968,R,56,15884,32,1212,672
14.968,R,56,15923,0,1208,612
14.968,R,56,15964,-4,1124,736
14.968,R,56,16003,12,1120,664
14.968,R,56,16044,-12,1132,728
15.001,R,56,16099,-52,1188,668
15.001,R,56,16123,0,1204,696
15.001,R,56,16164,-32,1112,736
15.004,R,56,16203,60,1092,692
15.004,BOOT,57,464,2,0.2.0
15.028,EVT,57,465,16,STATE_CHANGE,1,0
15.028,R,57,43,88,740,1100
15.035,R,57,83,96,632,1156
15.035,R,57,124,176,672,1168
15.035,R,57,163,176,716,1184
15.065,R,57,204,128,700,1132
15.067,R,57,243,96,716,1152
15.068,R,57,284,152,740,1120
15.068,R,57,323,76,752,1120
15.068,R,57,364,128,776,1120
15.085,R,57,403,152,732,1160
15.085,R,57,444,172,716,1164
15.098,R,57,483,216,704,1168
15.099,R,57,524,224,716,1056
15.099,R,57,563,224,748,1132
15.099,R,57,604,228,688,1196
15.101,EVT,57,467,1001,SENSOR_FAULT,2,0
15.114,SMP,57,468,1001,1,0,196,704,1180,0,505,8188,0,3870,5979,185
15.130,R,57,643,216,720,1140
15.151,R,57,684,240,668,1164
15.151,R,57,724,204,688,1240
15.151,R,57,763,208,668,1120
15.151,R,57,804,236,644,1208
15.151,R,57,843,156,656,1180
15.177,R,57,884,260,652,1180
15.177,R,57,923,160,700,1152
15.192,R,57,964,300,624,1276
15.192,R,57,1003,196,704,1180
15.192,R,57,1044,164,640,1104
15.210,R,57,1089,240,668,1216
15.210,R,57,1124,208,720,1156
15.210,R,57,1163,156,672,1152
15.210,R,57,1204,124,700,1240
15.210,R,57,1243,268,608,1184
15.251,R,57,1284,196,704,1208
15.251,R,57,1323,56,636,1004
15.251,R,57,1363,80,656,1092
15.251,R,57,1404,144,704,1156
15.251,R,57,1443,64,652,1152
15.273,R,57,1484,100,668,1200
15.273,R,57,1523,-276,1056,836
15.273,R,57,1564,60,660,1216
15.273,R,57,1603,56,652,1264
15.273,R,57,1644,124,688,1248
15.289,R,57,1683,120,740,1164
15.289,R,57,1724,196,568,1220
15.289,R,57,1763,-12,556,1108
15.305,R,57,1804,0,672,1120
15.337,SMP,57,471,2002,1,0,196,544,1280,20,505,8188,0,3870,5979,153
15.337,BOOT,58,472,2,0.2.0
15.347,EVT,58,473,16,STATE_CHANGE,1,0
15.347,R,58,43,336,88,1412
15.347,R,58,83,228,140,1260
15.368,R,58,124,236,144,1292
15.368,R,58,163,252,132,1328
15.368,R,58,204,236,160,1308
15.368,R,58,243,236,112,1284
15.378,R,58,284,220,160,1292
15.400,R,58,323,204,204,1236
15.400,R,58,364,236,128,1316
15.400,R,58,403,260,172,1200
15.400,R,58,444,268,160,1292
15.400,R,58,483,248,132,1308
15.432,R,58,524,224,176,1264
15.432,R,58,563,232,112,1284
15.432,R,58,604,244,156,1328
15.432,EVT,58,475,1001,SENSOR_FAULT,2,0
15.464,SMP,58,476,1001,1,0,256,148,1340,0,504,8188,0,3870,5979,185
15.464,R,58,643,240,148,1308
15.464,R,58,684,220,116,1352
15.471,R,58,724,192,96,1340
15.480,R,58,763,240,124,1264
15.480,R,58,804,248,164,1276
15.480,R,58,843,232,112,1324
15.496,R,58,884,228,156,1292
15.496,R,58,923,204,160,1280
15.496,R,58,964,228,176,1276
15.529,R,58,1003,256,148,1340
15.529,R,58,1044,200,144,1356
15.529,R,58,1089,200,144,1316
15.529,R,58,1124,204,184,1316
15.529,R,58,1163,208,140,1356
15.561,R,58,1204,236,136,1276
15.561,R,58,1243,236,176,1308
15.561,R,58,1284,260,176,1272
15.565,R,58,1323,204,144,1352
15.565,R,58,1363,232,96,1356
15.595,R,58,1404,268,156,1284
15.595,R,58,1443,256,148,1296
15.596,R,58,1484,252,124,1368
15.596,R,58,1523,236,140,1308
15.597,R,58,1564,272,116,1348
15.616,R,58,1603,240,140,1248
15.616,R,58,1644,244,140,1268
15.628,R,58,1683,196,192,1296
15.628,R,58,1724,220,176,1276
15.652,R,58,1763,252,204,1248
15.652,R,58,1804,228,128,1296
15.659,SMP,58,479,2002,1,0,228,120,1304,43,504,8188,0,3870,5979,153
15.659,R,58,1843,192,192,1328
15.664,R,58,1884,260,60,1340
15.664,R,58,1923,224,164,1328
15.680,R,58,1964,244,156,1328
15.680,R,58,2004,228,120,1304
15.680,R,58,2043,220,176,1324
15.712,R,58,2091,236,180,1248
15.712,R,58,2123,192,124,1312
15.712,R,58,2164,236,96,1304
15.712,R,58,2203,224,156,1352
15.712,R,58,2244,240,140,1248
15.744,R,58,2283,244,156,1252
15.744,R,58,2324,204,156,1344
15.744,R,58,2363,240,192,1292
15.744,R,58,2404,208,132,1268
15.744,R,58,2443,228,144,1276
15.777,R,58,2484,224,160,1292
15.777,R,58,2523,236,112,1312
15.777,R,58,2564,240,156,1296
15.777,R,58,2603,228,176,1276
15.777,R,58,2643,220,184,1276
15.809,R,58,2684,240,196,1272
15.813,R,58,2723,256,156,1268
15.813,R,58,2764,256,172,1252
15.813,R,58,2803,228,176,1316
15.813,R,58,2844,184,156,1308
15.841,R,58,2883,220,180,1304
15.841,R,58,2924,204,128,1292
15.841,R,58,2963,240,156,1284
15.841,R,58,3004,240,148,1292
15.858,SMP,58,482,3002,1,0,240,148,1292,50,515,8188,0,3870,5979,153
15.858,R,58,3043,248,144,1356
15.873,R,58,3090,232,192,1284
15.873,R,58,3123,236,160,1292
15.905,R,58,3164,208,164,1336
15.905,R,58,3203,252,96,1216
15.905,R,58,3244,288,200,1248
15.905,R,58,3284,220,192,1308
15.905,R,58,3323,240,160,1352
15.937,R,58,3364,204,144,1308
15.937,R,58,3403,196,160,1324
15.937,R,58,3444,236,172,1272
15.937,R,58,3483,248,172,1248
15.937,R,58,3524,204,208,1268
15.969,R,58,3563,228,172,1308
15.969,R,58,3604,224,192,1216
15.969,SMP,58,484,4003,1,0,252,176,1284,50,508,8188,0,3870,5979,153
15.969,R,58,3643,208,156,1304
16.001,R,58,3684,176,136,1284
16.001,R,58,3723,220,132,1308
16.001,R,58,3764,260,184,1248
16.001,R,58,3803,252,160,1272
16.003,R,58,3844,248,124,1340
16.016,R,58,3883,224,156,1264
16.032,R,58,3923,196,176,1320
16.032,R,58,3964,216,132,1336
16.032,R,58,4003,252,176,1284
16.034,R,58,4044,256,192,1336
16.054,R,58,4091,240,172,1300
16.054,R,58,4124,240,176,1312
16.054,R,58,4163,248,140,1296
16.054,R,58,4204,220,164,1280
16.063,R,58,4243,244,140,1304
16.065,R,58,4284,240,144,1276
16.065,R,58,4323,256,140,1284
16.081,R,58,4364,228,172,1248
16.081,R,58,4403,240,140,1312
16.081,R,58,4444,220,192,1216
16.117,R,58,4483,204,156,1296
16.117,R,58,4524,204,128,1304
16.117,R,58,4564,248,160,1324
16.117,R,58,4603,240,156,1296
16.117,R,58,4644,236,152,1308
16.156,R,58,4683,208,204,1248
16.156,R,58,4724,224,160,1308
16.156,R,58,4763,216,144,1324
16.156,R,58,4804,240,152,1308
16.180,SMP,58,487,5003,1,0,240,192,1296,41,511,8188,0,3870,5979,153
16.180,R,58,4843,160,176,1316
16.180,R,58,4884,240,124,1324
16.189,R,58,4923,216,124,1340
16.212,R,58,4964,256,196,1268
16.212,R,58,5003,240,192,1296
16.212,R,58,5044,260,196,1304
16.212,R,58,5091,160,168,1284
16.212,R,58,5124,228,156,1348
16.244,R,58,5163,220,192,1292
16.244,R,58,5203,196,152,1328
16.244,R,58,5244,224,148,1340
16.244,R,58,5283,236,120,1300
16.244,R,58,5324,240,124,1284
16.260,R,58,5363,184,196,1216
16.260,R,58,5404,240,160,1292
16.260,R,58,5443,252,196,1308
16.276,R,58,5484,220,176,1340
16.282,R,58,5523,240,136,1340
16.310,R,58,5564,236,144,1312
16.310,R,58,5603,192,172,1296
16.310,R,58,5644,228,144,1348
16.310,R,58,5683,196,184,1304
16.310,R,58,5724,256,188,1248
16.342,R,58,5763,236,156,1316
16.342,R,58,5804,252,156,1328
16.342,R,58,5844,228,152,1304
16.342,R,58,5883,240,140,1272
16.342,R,58,5924,228,184,1308
16.372,R,58,5963,224,140,1212
16.372,R,58,6004,240,164,1296
16.372,SMP,58,490,6004,1,0,240,164,1296,40,505,8188,0,3870,5979,153
16.404,R,58,6043,240,100,1296
16.404,R,58,6094,244,200,1308
16.404,R,58,6123,248,124,1328
16.404,R,58,6164,248,172,1304
16.404,R,58,6203,220,156,1308
16.434,R,58,6244,224,156,1316
16.434,R,58,6283,236,160,1312
16.434,R,58,6324,224,156,1308
16.434,R,58,6363,204,184,1308
16.436,R,58,6404,224,132,1308
16.436,R,58,6443,224,156,1312
16.452,R,58,6483,124,184,1336
16.452,R,58,6524,252,96,1336
16.455,R,58,6563,236,120,1316
16.467,R,58,6604,228,172,1280
16.499,SMP,58,492,7004,1,0,236,120,1336,8,504,8188,0,3870,5979,153
16.499,R,58,6643,224,140,1280
16.499,R,58,6684,216,196,1272
16.499,R,58,6723,240,136,1332
16.515,R,58,6764,160,196,1336
16.515,R,58,6803,240,196,1308
16.515,R,58,6844,244,156,1272
16.531,R,58,6883,236,192,1272
16.531,R,58,6924,220,188,1300
16.560,R,58,6963,244,140,1340
16.560,R,58,7004,236,120,1336
16.560,R,58,7043,284,184,1280
16.560,R,58,7090,232,176,1320
16.560,R,58,7124,188,140,1304
16.579,R,58,7163,212,184,1276
16.579,R,58,7204,212,164,1340
16.579,R,58,7243,188,156,1328
16.579,R,58,7284,252,160,1276
16.579,R,58,7323,216,152,1328
16.595,R,58,7364,184,140,1360
16.595,R,58,7403,240,148,1336
16.611,R,58,7444,252,188,1296
16.611,R,58,7483,240,180,1260
16.611,R,58,7524,236,124,1308
16.650,R,58,7563,236,76,1376
16.650,R,58,7604,236,124,1324
16.650,R,58,7643,272,132,1324
16.656,R,58,7684,236,188,1280
16.656,R,58,7723,160,172,1264
16.682,R,58,7763,248,164,1304
16.682,R,58,7804,256,132,1324
16.682,SMP,58,495,8005,1,0,228,156,1292,47,510,8188,0,3870,5979,153
16.714,R,58,7843,252,156,1352
16.714,R,58,7884,236,124,1340
16.714,R,58,7923,192,160,1336
16.714,R,58,7964,216,156,1280
16.714,R,58,8003,228,156,1292
16.746,R,58,8044,204,192,1276
16.746,R,58,8093,236,132,1308
16.746,R,58,8124,228,156,1252
16.746,R,58,8163,220,144,1336
16.746,R,58,8204,208,156,1304
16.779,R,58,8243,256,160,1276
16.779,R,58,8284,228,164,1308
16.779,R,58,8323,204,144,1292
16.779,R,58,8364,236,156,1276
16.781,R,58,8404,204,152,1328
16.781,R,58,8443,228,156,1328
16.794,R,58,8484,240,148,1308
16.794,R,58,8523,228,156,1280
16.810,R,58,8564,248,124,1324
16.810,R,58,8603,220,176,1308
16.827,R,58,8644,192,152,1296
16.827,R,58,8683,196,160,1348
16.827,R,58,8724,240,164,1336
16.827,R,58,8763,196,96,1360
16.842,R,58,8804,252,160,1276
16.858,R,58,8843,216,156,1352
16.858,R,58,8884,228,156,1292
16.858,R,58,8923,224,156,1336
16.858,R,58,8964,204,160,1304
16.858,R,58,9003,224,160,1336
16.891,SMP,58,498,9007,1,0,228,192,1284,50,499,8188,0,3870,5979,153
16.891,R,58,9043,228,176,1352
16.891,R,58,9095,208,200,1296
16.891,R,58,9123,256,144,1344
16.923,R,58,9164,188,128,1312
16.923,R,58,9203,204,140,1360
16.923,R,58,9244,228,156,1336
16.923,R,58,9283,248,180,1264
16.923,R,58,9324,224,172,1248
16.963,R,58,9363,228,184,1300
16.963,R,58,9404,224,132,1340
16.963,R,58,9443,228,152,1316
16.963,R,58,9484,216,148,1332
16.963,R,58,9523,204,120,1292
16.972,R,58,9564,196,192,1308
16.972,R,58,9603,240,192,1260
16.990,SMP,58,500,10008,1,0,244,156,1348,9,508,8188,0,3870,5979,153
17.020,R,58,9644,236,160,1324
17.020,R,58,9684,240,164,1336
17.030,R,58,9723,228,144,1316
17.030,R,58,9764,288,156,1312
17.030,R,58,9803,192,164,1376
17.057,R,58,9844,176,156,1292
17.057,R,58,9883,248,172,1248
17.057,R,58,9924,216,200,1280
17.057,R,58,9963,192,172,1280
17.057,R,58,10004,244,156,1348
17.084,R,58,10043,248,144,1336
17.084,R,58,10096,252,180,1260
17.084,R,58,10123,224,112,1264
17.084,R,58,10164,224,112,1292
17.084,R,58,10203,256,156,1308
17.116,R,58,10244,220,164,1272
17.116,R,58,10283,228,144,1308
17.116,R,58,10323,252,112,1264
17.116,R,58,10364,264,144,1324
17.132,R,58,10403,224,140,1312
17.132,R,58,10444,200,140,1264
17.132,R,58,10483,236,160,1280
17.148,R,58,10524,244,160,1292
17.148,R,58,10563,256,128,1264
17.184,R,58,10604,236,184,1308
17.184,R,58,10643,236,140,1264
17.184,R,58,10684,188,156,1276
17.185,R,58,10723,160,188,1264
17.185,R,58,10764,240,204,1216
17.202,R,58,10803,240,132,1332
17.218,SMP,58,503,11008,1,0,244,152,1312,26,505,8188,0,3870,5979,153
17.218,R,58,10844,208,156,1304
17.233,R,58,10883,240,204,1272
17.233,R,58,10924,188,216,1292
17.233,R,58,10964,240,140,1360
17.233,R,58,11003,244,152,1312
17.233,R,58,11044,240,172,1328
17.265,R,58,11096,224,140,1328
17.265,R,58,11124,236,124,1276
17.265,R,58,11163,240,140,1308
17.265,R,58,11204,236,120,1336
17.265,R,58,11243,248,172,1216
17.297,R,58,11284,192,160,1308
17.297,R,58,11323,240,132,1304
17.311,R,58,11364,224,156,1248
17.311,R,58,11403,240,144,1316
17.312,R,58,11444,212,172,1276
17.312,R,58,11483,248,124,1304
17.312,R,58,11524,200,164,1280
17.333,R,58,11563,220,192,1308
17.333,R,58,11603,224,164,1280
17.333,R,58,11644,256,140,1280
17.366,R,58,11683,228,156,1344
17.366,R,58,11724,220,160,1308
17.366,R,58,11763,176,184,1284
17.366,R,58,11804,232,124,1328
17.392,R,58,11843,204,184,1324
17.392,R,58,11884,228,172,1296
17.392,R,58,11923,224,140,1312
17.392,R,58,11964,236,96,1332
17.392,R,58,12003,248,132,1304
17.424,SMP,58,506,12009,1,0,220,180,1280,57,504,8188,0,3870,5979,153
17.424,R,58,12044,268,192,1328
17.435,R,58,12097,208,108,1308
17.457,R,58,12124,244,140,1328
17.457,R,58,12163,228,172,1216
17.457,R,58,12204,224,172,1272
17.457,R,58,12244,256,136,1336
17.457,R,58,12283,256,136,1316
17.488,R,58,12324,200,132,1324
17.488,R,58,12363,176,160,1280
17.488,R,58,12404,232,176,1332
17.488,R,58,12443,228,156,1308
17.488,R,58,12484,196,160,1336
17.504,R,58,12523,224,148,1308
17.504,R,58,12564,240,156,1308
17.520,R,58,12603,248,124,1276
17.558,SMP,58,508,13010,1,0,256,172,1296,33,494,8188,0,3870,5979,153
17.558,R,58,12644,204,176,1296
17.558,R,58,12683,240,156,1264
17.558,R,58,12724,216,136,1328
17.558,R,58,12763,232,200,1280
17.583,R,58,12804,196,184,1272
17.583,R,58,12843,272,176,1268
17.583,R,58,12883,216,160,1276
17.583,R,58,12924,272,148,1320
17.583,R,58,12963,204,164,1340
17.615,R,58,13004,256,172,1296
17.615,R,58,13043,208,172,1296
17.615,R,58,13099,224,176,1276
17.615,R,58,13123,204,112,1332
17.615,R,58,13164,204,160,1284
17.647,R,58,13203,220,156,1312
17.647,R,58,13244,224,172,1312
17.647,R,58,13283,248,148,1304
17.647,R,58,13324,176,136,1292
17.663,R,58,13363,252,96,1320
17.663,R,58,13404,188,140,1328
17.663,R,58,13443,228,192,1276
17.681,R,58,13484,240,156,1272
17.681,R,58,13524,244,156,1296
17.714,R,58,13563,240,124,1268
17.714,R,58,13604,256,144,1352
17.714,R,58,13643,236,160,1280
17.714,R,58,13684,196,140,1264
17.714,R,58,13723,216,148,1340
17.732,R,58,13764,236,120,1276
17.732,R,58,13803,240,116,1276
17.732,SMP,58,511,14010,1,0,248,148,1308,28,504,8188,0,3870,5979,153
17.769,R,58,13844,236,184,1356
17.769,R,58,13883,236,156,1344
17.769,R,58,13924,228,144,1340
17.769,R,58,13963,192,156,1272
17.769,R,58,14004,272,160,1340
17.796,R,58,14043,268,152,1284
17.796,R,58,14098,216,176,1292
17.796,R,58,14123,248,140,1308
17.796,R,58,14163,216,132,1364
17.796,R,58,14204,256,140,1296
17.829,R,58,14243,220,176,1284
17.829,R,58,14284,256,208,1292
17.829,R,58,14323,252,156,1276
17.829,R,58,14364,228,160,1276
17.829,R,58,14403,220,124,1288
17.845,R,58,14444,208,140,1288
17.845,R,58,14483,224,156,1264
17.861,R,58,14524,244,184,1304
17.861,R,58,14563,224,140,1296
17.893,R,58,14604,208,192,1308
17.893,R,58,14643,192,192,1296
17.893,R,58,14684,272,160,1300
17.893,R,58,14723,272,112,1340
17.893,R,58,14764,252,136,1340
17.931,R,58,14804,248,164,1324
17.931,R,58,14843,220,176,1384
17.931,R,58,14884,228,92,1328
17.931,R,58,14923,204,224,1324
17.931,R,58,14964,192,156,1344
17.960,R,58,15003,212,188,1360
17.960,SMP,58,514,15011,1,0,236,196,1308,24,503,8188,0,3870,5979,153
17.960,R,58,15044,216,144,1348
17.993,R,58,15099,204,156,1316
17.993,R,58,15124,248,144,1324
17.995,R,58,15163,236,144,1280
17.995,R,58,15204,240,172,1264
17.995,R,58,15243,240,164,1328
18.022,R,58,15284,192,140,1308
18.022,R,58,15323,228,208,1280
18.022,R,58,15364,220,172,1280
18.027,R,58,15403,248,160,1296
18.027,R,58,15443,236,144,1332
18.038,R,58,15484,248,140,1264
18.038,R,58,15523,256,140,1248
18.054,R,58,15564,196,184,1284
18.054,R,58,15603,240,152,1316
18.086,SMP,58,516,16011,1,0,184,140,1280,63,505,8188,0,3870,5979,153
18.086,R,58,15644,228,144,1312
18.091,R,58,15683,228,152,1344
18.091,R,58,15724,228,132,1308
18.118,R,58,15763,260,140,1336
18.118,R,58,15804,252,140,1340
18.118,R,58,15843,192,128,1324
18.118,R,58,15884,224,140,1340
18.118,R,58,15923,240,148,1324
18.150,R,58,15964,228,124,1336
18.150,R,58,16003,184,140,1280
18.150,R,58,16044,224,124,1308
18.150,R,58,16099,220,96,1292
18.150,R,58,16123,240,188,1308
18.166,R,58,16164,236,176,1312
18.170,R,58,16203,224,200,1284
18.199,R,58,16244,228,192,1284
18.199,R,58,16283,224,192,1248
18.199,R,58,16324,196,160,1340
18.199,R,58,16363,224,172,1240
18.199,R,58,16404,224,140,1328
18.231,R,58,16443,220,188,1312
18.231,R,58,16484,176,140,1356
18.231,R,58,16523,224,172,1272
18.231,R,58,16564,232,160,1316
18.231,R,58,16603,192,148,1308
18.246,R,58,16644,240,136,1216
18.247,R,58,16683,208,156,1288
18.261,R,58,16723,236,156,1324
18.261,R,58,16764,224,164,1296
18.261,R,58,16803,240,112,1308
18.281,SMP,58,519,17012,1,0,228,184,1280,50,503,8188,0,3870,5979,153
18.281,R,58,16844,236,176,1260
18.296,R,58,16883,252,156,1312
18.312,R,58,16924,228,172,1264
18.312,R,58,16963,256,192,1352
18.312,R,58,17004,220,148,1308
18.312,R,58,17043,192,200,1276
18.312,R,58,17100,236,156,1304
18.344,R,58,17123,224,192,1292
18.344,R,58,17164,248,148,1304
18.358,R,58,17203,184,132,1328
18.358,R,58,17244,184,200,1272
18.358,R,58,17283,236,208,1280
18.371,R,58,17324,248,156,1328
18.371,R,58,17364,204,184,1348
18.375,R,58,17403,240,132,1264
18.375,R,58,17444,236,128,1328
18.375,R,58,17483,252,192,1284
18.408,R,58,17524,204,156,1300
18.408,R,58,17563,236,160,1328
18.408,R,58,17604,256,148,1292
18.408,R,58,17643,228,100,1304
18.440,R,58,17684,252,144,1280
18.440,R,58,17723,228,156,1332
18.440,R,58,17764,240,140,1248
18.452,R,58,17803,196,176,1292
18.452,R,58,17844,200,200,1248
18.472,R,58,17883,228,164,1308
18.472,R,58,17924,240,192,1296
18.472,R,58,17963,236,128,1308
18.472,R,58,18003,240,108,1336
18.488,SMP,58,522,18012,1,0,224,176,1340,6,506,8188,0,3870,5979,153
18.488,R,58,18044,304,96,1308
18.503,R,58,18100,224,152,1292
18.503,R,58,18124,212,176,1308
18.536,R,58,18163,224,156,1184
18.536,R,58,18204,252,128,1276
18.536,R,58,18243,252,156,1304
18.536,R,58,18284,212,192,1268
18.536,R,58,18323,240,148,1312
18.575,R,58,18364,192,192,1284
18.575,R,58,18403,176,132,1308
18.575,R,58,18444,248,132,1336
18.575,R,58,18483,224,120,1300
18.575,R,58,18524,228,156,1300
18.599,R,58,18563,236,160,1308
18.599,R,58,18604,228,172,1272
18.608,SMP,58,524,19013,1,0,220,156,1276,57,507,8188,0,3870,5979,153
18.632,R,58,18644,224,156,1296
18.632,R,58,18683,236,192,1292
18.632,R,58,18724,224,176,1324
18.632,R,58,18763,200,140,1296
18.632,R,58,18804,236,200,1304
18.664,R,58,18843,232,192,1292
18.664,R,58,18884,192,172,1328
18.664,R,58,18923,240,156,1280
18.670,R,58,18964,232,148,1296
18.670,R,58,19003,248,184,1316
18.696,R,58,19044,280,148,1348
18.696,R,58,19101,216,172,1304
18.701,R,58,19124,248,124,1336
18.701,R,58,19163,224,172,1248
18.727,R,58,19204,236,136,1324
18.727,R,58,19243,228,184,1272
18.727,R,58,19283,224,172,1336
18.727,R,58,19324,184,156,1312
18.727,R,58,19363,236,140,1296
18.761,R,58,19404,156,196,1276
18.762,R,58,19443,228,184,1328
18.762,R,58,19484,176,176,1336
18.762,R,58,19523,256,172,1232
18.764,R,58,19564,240,148,1336
18.783,R,58,19603,228,132,1248
18.783,R,58,19644,212,96,1284
18.783,R,58,19683,204,160,1284
18.783,R,58,19724,240,156,1312
18.783,R,58,19763,260,152,1332
18.816,R,58,19804,220,160,1292
18.825,SMP,58,527,20013,1,0,240,140,1316,17,506,8188,0,3870,5979,153
18.825,R,58,19843,244,140,1360
18.848,R,58,19884,196,156,1316
18.848,R,58,19924,240,148,1308
18.848,R,58,19963,220,156,1328
18.848,R,58,20004,188,156,1296
18.848,R,58,20043,192,204,1296
18.865,R,58,20101,204,156,1316
18.865,R,58,20123,224,192,1296
18.880,R,58,20164,216,192,1324
18.880,R,58,20203,244,176,1348
18.880,R,58,20244,244,156,1292
18.912,R,58,20283,248,124,1332
18.912,R,58,20324,240,156,1296
18.919,R,58,20363,240,140,1260
18.919,R,58,20404,248,172,1308
18.944,R,58,20443,204,196,1308
18.944,R,58,20484,224,148,1304
18.950,R,58,20523,236,128,1300
18.950,R,58,20563,240,136,1308
18.950,R,58,20604,272,144,1264
18.976,R,58,20643,232,184,1296
18.976,R,58,20684,240,112,1276
18.976,R,58,20723,236,112,1312
18.976,R,58,20764,240,164,1296
18.976,R,58,20803,232,184,1272
19.008,R,58,20844,236,164,1292
19.008,R,58,20883,236,144,1276
19.008,R,58,20924,248,132,1296
19.008,R,58,20963,228,88,1348
19.008,R,58,21004,272,192,1260
19.024,SMP,58,530,21014,1,0,260,140,1272,56,506,8188,0,3870,5979,153
19.040,BOOT,59,531,2,0.2.0
19.040,EVT,59,532,16,STATE_CHANGE,1,0
19.072,R,59,43,192,180,1256
19.072,R,59,83,192,168,1272
19.072,R,59,124,240,176,1340
19.072,R,59,163,268,164,1268
19.072,R,59,204,204,124,1356
19.104,R,59,243,228,192,1328
19.104,R,59,284,248,124,1248
19.104,R,59,323,244,100,1296
19.104,R,59,364,240,156,1288
19.104,R,59,403,148,184,1276
19.120,R,59,444,224,156,1336
19.120,R,59,483,288,176,1280
19.136,R,59,524,244,116,1220
19.136,R,59,563,256,152,1372
19.136,R,59,604,232,156,1276
19.164,EVT,59,534,1001,SENSOR_FAULT,2,0
19.167,SMP,59,535,1001,1,0,244,116,1268,0,504,8188,0,3871,5979,185
19.167,R,59,643,192,184,1308
19.167,R,59,684,216,144,1348
19.183,R,59,724,228,124,1316
19.183,R,59,763,200,160,1340
19.183,R,59,804,220,140,1304
19.183,R,59,843,256,108,1340
19.183,R,59,884,240,152,1340
19.199,R,59,923,224,160,1376
19.199,R,59,964,216,144,1356
19.215,R,59,1003,244,116,1268
19.215,R,59,1044,304,128,1308
19.215,R,59,1089,224,168,1312
19.247,R,59,1124,232,156,1348
19.247,R,59,1163,240,176,1316
19.247,R,59,1204,244,180,1328
19.247,END
